Datum;Schluss
11.08.2022;1,7
10.08.2022;1,71
09.08.2022;1,72
08.08.2022;1,72
07.08.2022;1,72
06.08.2022;1,73
05.08.2022;1,73
04.08.2022;1,73
03.08.2022;1,73
02.08.2022;1,76
01.08.2022;1,75
31.07.2022;1,74
30.07.2022;1,76
29.07.2022;1,76
28.07.2022;1,76
27.07.2022;1,75
25.07.2022;1,76
24.07.2022;1,76
23.07.2022;1,76
22.07.2022;1,77
21.07.2022;1,77
20.07.2022;1,79
19.07.2022;1,81
18.07.2022;1,81
17.07.2022;1,8
16.07.2022;1,8
15.07.2022;1,81
14.07.2022;1,82
13.07.2022;1,83
12.07.2022;1,83
11.07.2022;1,82
10.07.2022;1,82
09.07.2022;1,82
08.07.2022;1,82
07.07.2022;1,83
06.07.2022;1,84
05.07.2022;1,84
04.07.2022;1,84
03.07.2022;1,84
02.07.2022;1,85
01.07.2022;1,86
30.06.2022;1,87
29.06.2022;1,87
28.06.2022;1,87
27.06.2022;1,87
26.06.2022;1,87
25.06.2022;1,87
24.06.2022;1,87
23.06.2022;1,89
22.06.2022;1,89
21.06.2022;1,92
20.06.2022;1,92
19.06.2022;1,92
18.06.2022;1,93
17.06.2022;1,93
16.06.2022;1,94
15.06.2022;1,94
14.06.2022;1,95
13.06.2022;1,95
12.06.2022;1,95
11.06.2022;1,94
10.06.2022;1,94
09.06.2022;1,95
08.06.2022;1,95
07.06.2022;1,94
06.06.2022;1,94
05.06.2022;1,94
04.06.2022;1,92
03.06.2022;1,9
02.06.2022;1,87
01.06.2022;2,15
31.05.2022;2,14
30.05.2022;2,13
29.05.2022;2,12
28.05.2022;2,09
27.05.2022;2,09
26.05.2022;2,07
25.05.2022;2,09
24.05.2022;2,1
23.05.2022;2,1
22.05.2022;2,09
21.05.2022;2,09
20.05.2022;2,1
19.05.2022;2,1
18.05.2022;2,09
17.05.2022;2,08
16.05.2022;2,07
15.05.2022;2,07
14.05.2022;2,05
13.05.2022;2,03
12.05.2022;2,03
11.05.2022;2,04
10.05.2022;2,04
09.05.2022;2,03
08.05.2022;2,03
07.05.2022;2,02
06.05.2022;2,02
05.05.2022;2
04.05.2022;2
03.05.2022;2
02.05.2022;2
01.05.2022;2
30.04.2022;1,98
29.04.2022;1,97
28.04.2022;1,96
27.04.2022;1,96
26.04.2022;1,97
25.04.2022;1,97
24.04.2022;1,97
23.04.2022;1,97
22.04.2022;1,98
21.04.2022;1,98
20.04.2022;1,98
19.04.2022;1,98
18.04.2022;1,97
17.04.2022;1,97
16.04.2022;1,96
15.04.2022;1,96
14.04.2022;1,95
13.04.2022;1,95
12.04.2022;1,97
11.04.2022;1,97
10.04.2022;1,97
09.04.2022;1,97
08.04.2022;1,99
07.04.2022;1,99
06.04.2022;1,99
05.04.2022;2
04.04.2022;1,99
03.04.2022;1,99
02.04.2022;2,01
01.04.2022;2,03
31.03.2022;2,03
30.03.2022;2,05
29.03.2022;2,07
28.03.2022;2,07
27.03.2022;2,07
26.03.2022;2,07
25.03.2022;2,08
24.03.2022;2,08
23.03.2022;2,08
22.03.2022;2,09
21.03.2022;2,09
20.03.2022;2,09
19.03.2022;2,08
18.03.2022;2,12
17.03.2022;2,16
16.03.2022;2,19
15.03.2022;2,2
14.03.2022;2,2
13.03.2022;2,2
12.03.2022;2,2
11.03.2022;2,2
10.03.2022;2,18
09.03.2022;2,11
08.03.2022;2,01
07.03.2022;1,97
06.03.2022;1,96
05.03.2022;1,93
04.03.2022;1,89
03.03.2022;1,86
02.03.2022;1,83
01.03.2022;1,82
28.02.2022;1,81
27.02.2022;1,81
26.02.2022;1,8
25.02.2022;1,76
24.02.2022;1,76
23.02.2022;1,75
22.02.2022;1,75
21.02.2022;1,75
20.02.2022;1,75
19.02.2022;1,75
18.02.2022;1,75
17.02.2022;1,75
16.02.2022;1,75
15.02.2022;1,75
14.02.2022;1,75
13.02.2022;1,75
12.02.2022;1,74
11.02.2022;1,73
10.02.2022;1,73
09.02.2022;1,73
08.02.2022;1,73
07.02.2022;1,73
06.02.2022;1,73
05.02.2022;1,71
04.02.2022;1,72
03.02.2022;1,72
02.02.2022;1,72
01.02.2022;1,72
31.01.2022;1,71
30.01.2022;1,71
29.01.2022;1,7
28.01.2022;1,69
27.01.2022;1,69
26.01.2022;1,69
25.01.2022;1,69
24.01.2022;1,69
23.01.2022;1,69
22.01.2022;1,69
21.01.2022;1,69
20.01.2022;1,69
19.01.2022;1,68
18.01.2022;1,68
17.01.2022;1,68
16.01.2022;1,68
15.01.2022;1,66
14.01.2022;1,67
13.01.2022;1,67
12.01.2022;1,67
11.01.2022;1,67
10.01.2022;1,67
09.01.2022;1,67
08.01.2022;1,65
07.01.2022;1,66
06.01.2022;1,66
05.01.2022;1,66
04.01.2022;1,66
03.01.2022;1,67
02.01.2022;1,68
01.01.2022;1,65
31.12.2021;1,63
30.12.2021;1,63
29.12.2021;1,62
28.12.2021;1,62
27.12.2021;1,62
26.12.2021;1,61
25.12.2021;1,61
24.12.2021;1,6
23.12.2021;1,59
22.12.2021;1,59
21.12.2021;1,6
20.12.2021;1,61
19.12.2021;1,6
18.12.2021;1,6
17.12.2021;1,61
16.12.2021;1,61
15.12.2021;1,61
14.12.2021;1,62
13.12.2021;1,62
12.12.2021;1,61
11.12.2021;1,61
10.12.2021;1,61
09.12.2021;1,61
08.12.2021;1,6
07.12.2021;1,61
06.12.2021;1,61
04.12.2021;1,61
01.12.2021;1,64
30.11.2021;1,66
29.11.2021;1,66
28.11.2021;1,66
27.11.2021;1,67
26.11.2021;1,68
25.11.2021;1,67
24.11.2021;1,68
23.11.2021;1,68
22.11.2021;1,69
21.11.2021;1,69
20.11.2021;1,69
19.11.2021;1,7
18.11.2021;1,7
17.11.2021;1,7
16.11.2021;1,7
15.11.2021;1,71
14.11.2021;1,7
13.11.2021;1,7
12.11.2021;1,7
11.11.2021;1,69
10.11.2021;1,69
09.11.2021;1,7
08.11.2021;1,69
07.11.2021;1,69
06.11.2021;1,69
05.11.2021;1,69
04.11.2021;1,69
03.11.2021;1,69
02.11.2021;1,69
01.11.2021;1,68
31.10.2021;1,68
30.10.2021;1,68
29.10.2021;1,68
28.10.2021;1,68
27.10.2021;1,68
26.10.2021;1,68
25.10.2021;1,67
24.10.2021;1,68
23.10.2021;1,67
22.10.2021;1,68
21.10.2021;1,68
20.10.2021;1,68
19.10.2021;1,67
18.10.2021;1,67
17.10.2021;1,67
16.10.2021;1,66
15.10.2021;1,65
14.10.2021;1,65
13.10.2021;1,65
12.10.2021;1,65
11.10.2021;1,64
10.10.2021;1,64
09.10.2021;1,64
08.10.2021;1,63
07.10.2021;1,63
06.10.2021;1,61
05.10.2021;1,61
04.10.2021;1,61
03.10.2021;1,61
02.10.2021;1,6
01.10.2021;1,59
30.09.2021;1,59
29.09.2021;1,59
28.09.2021;1,58
27.09.2021;1,58
26.09.2021;1,58
25.09.2021;1,58
22.09.2021;1,58
21.09.2021;1,58
20.09.2021;1,58
19.09.2021;1,58
18.09.2021;1,58
17.09.2021;1,57
15.09.2021;1,57
14.09.2021;1,57
13.09.2021;1,57
12.09.2021;1,57
11.09.2021;1,57
10.09.2021;1,56
09.09.2021;1,57
08.09.2021;1,57
07.09.2021;1,57
06.09.2021;1,57
05.09.2021;1,57
04.09.2021;1,56
03.09.2021;1,56
02.09.2021;1,56
01.09.2021;1,56
31.08.2021;1,56
30.08.2021;1,56
29.08.2021;1,56
28.08.2021;1,55
27.08.2021;1,55
26.08.2021;1,55
25.08.2021;1,54
24.08.2021;1,55
23.08.2021;1,55
22.08.2021;1,55
21.08.2021;1,55
20.08.2021;1,56
19.08.2021;1,56
18.08.2021;1,56
17.08.2021;1,57
16.08.2021;1,57
15.08.2021;1,57
14.08.2021;1,56
13.08.2021;1,56
12.08.2021;1,56
11.08.2021;1,56
10.08.2021;1,56
09.08.2021;1,57
08.08.2021;1,57
07.08.2021;1,56
06.08.2021;1,56
05.08.2021;1,56
04.08.2021;1,56
03.08.2021;1,57
02.08.2021;1,57
01.08.2021;1,57
31.07.2021;1,56
30.07.2021;1,56
29.07.2021;1,56
28.07.2021;1,55
27.07.2021;1,56
26.07.2021;1,56
25.07.2021;1,55
24.07.2021;1,55
23.07.2021;1,54
22.07.2021;1,54
21.07.2021;1,55
20.07.2021;1,56
19.07.2021;1,56
18.07.2021;1,56
17.07.2021;1,55
16.07.2021;1,55
15.07.2021;1,55
14.07.2021;1,55
13.07.2021;1,55
12.07.2021;1,55
11.07.2021;1,54
10.07.2021;1,54
09.07.2021;1,54
08.07.2021;1,54
07.07.2021;1,54
06.07.2021;1,54
05.07.2021;1,54
04.07.2021;1,53
03.07.2021;1,53
02.07.2021;1,53
01.07.2021;1,52
30.06.2021;1,52
29.06.2021;1,53
28.06.2021;1,53
27.06.2021;1,53
26.06.2021;1,52
24.06.2021;1,51
23.06.2021;1,51
22.06.2021;1,51
21.06.2021;1,51
20.06.2021;1,51
19.06.2021;1,5
18.06.2021;1,5
17.06.2021;1,5
16.06.2021;1,5
15.06.2021;1,5
14.06.2021;1,5
13.06.2021;1,5
12.06.2021;1,5
11.06.2021;1,49
10.06.2021;1,49
09.06.2021;1,5
08.06.2021;1,49
07.06.2021;1,5
06.06.2021;1,5
05.06.2021;1,5
04.06.2021;1,5
03.06.2021;1,5
02.06.2021;1,5
01.06.2021;1,49
31.05.2021;1,5
30.05.2021;1,49
29.05.2021;1,49
28.05.2021;1,49
27.05.2021;1,49
26.05.2021;1,49
25.05.2021;1,48
24.05.2021;1,48
23.05.2021;1,48
22.05.2021;1,48
21.05.2021;1,48
20.05.2021;1,48
19.05.2021;1,48
18.05.2021;1,48
17.05.2021;1,49
16.05.2021;1,48
15.05.2021;1,48
14.05.2021;1,48
13.05.2021;1,48
12.05.2021;1,48
11.05.2021;1,49
10.05.2021;1,49
09.05.2021;1,48
08.05.2021;1,48
07.05.2021;1,48
06.05.2021;1,47
05.05.2021;1,47
04.05.2021;1,47
03.05.2021;1,47
02.05.2021;1,47
01.05.2021;1,46
30.04.2021;1,46
29.04.2021;1,46
28.04.2021;1,46
27.04.2021;1,47
26.04.2021;1,46
25.04.2021;1,46
24.04.2021;1,46
23.04.2021;1,46
22.04.2021;1,47
21.04.2021;1,47
20.04.2021;1,47
19.04.2021;1,47
18.04.2021;1,47
17.04.2021;1,46
16.04.2021;1,46
15.04.2021;1,46
14.04.2021;1,46
13.04.2021;1,46
12.04.2021;1,46
11.04.2021;1,46
10.04.2021;1,46
09.04.2021;1,47
08.04.2021;1,47
07.04.2021;1,47
06.04.2021;1,48
05.04.2021;1,48
04.04.2021;1,48
03.04.2021;1,47
02.04.2021;1,47
01.04.2021;1,46
31.03.2021;1,46
30.03.2021;1,46
29.03.2021;1,45
28.03.2021;1,45
27.03.2021;1,44
26.03.2021;1,44
25.03.2021;1,44
24.03.2021;1,44
23.03.2021;1,45
22.03.2021;1,46
21.03.2021;1,46
20.03.2021;1,46
19.03.2021;1,46
18.03.2021;1,46
17.03.2021;1,47
16.03.2021;1,47
15.03.2021;1,47
14.03.2021;1,47
13.03.2021;1,46
12.03.2021;1,45
11.03.2021;1,45
10.03.2021;1,45
09.03.2021;1,45
08.03.2021;1,45
07.03.2021;1,45
06.03.2021;1,44
05.03.2021;1,44
04.03.2021;1,43
03.03.2021;1,43
01.03.2021;1,44
28.02.2021;1,43
27.02.2021;1,43
26.02.2021;1,42
25.02.2021;1,41
24.02.2021;1,41
23.02.2021;1,41
22.02.2021;1,41
21.02.2021;1,41
20.02.2021;1,4
19.02.2021;1,39
18.02.2021;1,38
17.02.2021;1,38
16.02.2021;1,38
15.02.2021;1,38
14.02.2021;1,38
13.02.2021;1,38
12.02.2021;1,38
11.02.2021;1,38
10.02.2021;1,38
09.02.2021;1,38
08.02.2021;1,38
07.02.2021;1,37
06.02.2021;1,38
05.02.2021;1,38
04.02.2021;1,36
03.02.2021;1,36
02.02.2021;1,36
01.02.2021;1,37
31.01.2021;1,37
30.01.2021;1,36
29.01.2021;1,36
28.01.2021;1,35
27.01.2021;1,35
26.01.2021;1,36
25.01.2021;1,36
24.01.2021;1,35
23.01.2021;1,35
22.01.2021;1,35
21.01.2021;1,35
20.01.2021;1,35
19.01.2021;1,36
18.01.2021;1,36
17.01.2021;1,36
16.01.2021;1,35
15.01.2021;1,35
14.01.2021;1,35
13.01.2021;1,34
12.01.2021;1,34
11.01.2021;1,35
10.01.2021;1,34
09.01.2021;1,33
08.01.2021;1,33
07.01.2021;1,33
06.01.2021;1,33
05.01.2021;1,33
04.01.2021;1,33
03.01.2021;1,33
02.01.2021;1,32
01.01.2021;1,27
31.12.2020;1,25
30.12.2020;1,25
29.12.2020;1,25
28.12.2020;1,25
26.12.2020;1,25
25.12.2020;1,25
24.12.2020;1,24
23.12.2020;1,24
22.12.2020;1,23
21.12.2020;1,24
20.12.2020;1,23
19.12.2020;1,23
18.12.2020;1,22
17.12.2020;1,21
16.12.2020;1,22
15.12.2020;1,22
14.12.2020;1,23
13.12.2020;1,22
12.12.2020;1,22
11.12.2020;1,21
10.12.2020;1,22
09.12.2020;1,22
08.12.2020;1,22
07.12.2020;1,22
06.12.2020;1,22
05.12.2020;1,21
04.12.2020;1,21
03.12.2020;1,22
02.12.2020;1,22
01.12.2020;1,22
30.11.2020;1,23
29.11.2020;1,22
28.11.2020;1,22
27.11.2020;1,22
26.11.2020;1,21
25.11.2020;1,21
24.11.2020;1,21
22.11.2020;1,2
21.11.2020;1,21
20.11.2020;1,21
19.11.2020;1,22
18.11.2020;1,21
17.11.2020;1,21
16.11.2020;1,21
15.11.2020;1,21
14.11.2020;1,21
13.11.2020;1,19
12.11.2020;1,2
11.11.2020;1,19
10.11.2020;1,19
09.11.2020;1,19
08.11.2020;1,19
07.11.2020;1,18
06.11.2020;1,18
05.11.2020;1,18
04.11.2020;1,18
03.11.2020;1,19
02.11.2020;1,19
01.11.2020;1,19
31.10.2020;1,19
30.10.2020;1,19
29.10.2020;1,2
28.10.2020;1,21
27.10.2020;1,22
26.10.2020;1,22
25.10.2020;1,22
24.10.2020;1,21
23.10.2020;1,21
22.10.2020;1,22
21.10.2020;1,22
20.10.2020;1,23
19.10.2020;1,24
18.10.2020;1,23
17.10.2020;1,23
16.10.2020;1,23
15.10.2020;1,23
14.10.2020;1,24
13.10.2020;1,24
12.10.2020;1,25
11.10.2020;1,24
10.10.2020;1,24
08.10.2020;1,25
07.10.2020;1,25
06.10.2020;1,25
05.10.2020;1,25
04.10.2020;1,25
03.10.2020;1,25
02.10.2020;1,25
01.10.2020;1,24
30.09.2020;1,25
29.09.2020;1,25
28.09.2020;1,25
27.09.2020;1,24
26.09.2020;1,24
25.09.2020;1,24
24.09.2020;1,24
23.09.2020;1,25
22.09.2020;1,25
21.09.2020;1,25
20.09.2020;1,25
19.09.2020;1,24
18.09.2020;1,24
17.09.2020;1,23
16.09.2020;1,24
15.09.2020;1,24
14.09.2020;1,24
13.09.2020;1,24
12.09.2020;1,24
11.09.2020;1,24
10.09.2020;1,24
08.09.2020;1,25
07.09.2020;1,25
06.09.2020;1,25
05.09.2020;1,25
04.09.2020;1,25
03.09.2020;1,26
02.09.2020;1,25
01.09.2020;1,25
31.08.2020;1,25
30.08.2020;1,25
29.08.2020;1,25
28.08.2020;1,25
27.08.2020;1,25
26.08.2020;1,25
25.08.2020;1,25
24.08.2020;1,26
23.08.2020;1,25
22.08.2020;1,24
21.08.2020;1,25
20.08.2020;1,24
19.08.2020;1,24
18.08.2020;1,25
17.08.2020;1,25
16.08.2020;1,25
15.08.2020;1,24
14.08.2020;1,24
13.08.2020;1,24
12.08.2020;1,25
11.08.2020;1,25
10.08.2020;1,25
09.08.2020;1,25
08.08.2020;1,24
07.08.2020;1,24
06.08.2020;1,24
05.08.2020;1,24
04.08.2020;1,25
03.08.2020;1,25
02.08.2020;1,25
01.08.2020;1,25
31.07.2020;1,24
30.07.2020;1,25
29.07.2020;1,25
28.07.2020;1,26
27.07.2020;1,26
26.07.2020;1,26
25.07.2020;1,26
24.07.2020;1,25
23.07.2020;1,25
22.07.2020;1,25
21.07.2020;1,25
20.07.2020;1,26
19.07.2020;1,25
18.07.2020;1,25
17.07.2020;1,25
16.07.2020;1,25
15.07.2020;1,25
14.07.2020;1,26
13.07.2020;1,26
12.07.2020;1,26
11.07.2020;1,26
10.07.2020;1,26
09.07.2020;1,26
08.07.2020;1,26
07.07.2020;1,26
06.07.2020;1,26
05.07.2020;1,26
04.07.2020;1,26
03.07.2020;1,26
02.07.2020;1,26
01.07.2020;1,27
30.06.2020;1,27
29.06.2020;1,27
28.06.2020;1,27
27.06.2020;1,26
26.06.2020;1,27
25.06.2020;1,27
24.06.2020;1,27
23.06.2020;1,26
22.06.2020;1,26
21.06.2020;1,26
20.06.2020;1,25
19.06.2020;1,25
18.06.2020;1,24
17.06.2020;1,24
16.06.2020;1,24
15.06.2020;1,23
14.06.2020;1,23
13.06.2020;1,22
12.06.2020;1,23
11.06.2020;1,23
10.06.2020;1,22
09.06.2020;1,22
08.06.2020;1,22
07.06.2020;1,22
06.06.2020;1,21
05.06.2020;1,2
04.06.2020;1,2
03.06.2020;1,19
02.06.2020;1,19
01.06.2020;1,19
31.05.2020;1,19
30.05.2020;1,19
29.05.2020;1,19
28.05.2020;1,19
27.05.2020;1,19
26.05.2020;1,19
25.05.2020;1,19
24.05.2020;1,19
23.05.2020;1,19
22.05.2020;1,19
21.05.2020;1,17
20.05.2020;1,17
19.05.2020;1,17
18.05.2020;1,17
17.05.2020;1,17
16.05.2020;1,16
15.05.2020;1,16
14.05.2020;1,16
13.05.2020;1,16
12.05.2020;1,16
11.05.2020;1,16
10.05.2020;1,16
09.05.2020;1,15
08.05.2020;1,14
07.05.2020;1,14
06.05.2020;1,13
05.05.2020;1,14
04.05.2020;1,14
03.05.2020;1,14
02.05.2020;1,14
01.05.2020;1,13
30.04.2020;1,13
29.04.2020;1,13
28.04.2020;1,14
27.04.2020;1,14
26.04.2020;1,14
25.04.2020;1,13
24.04.2020;1,14
23.04.2020;1,15
22.04.2020;1,16
21.04.2020;1,16
20.04.2020;1,16
19.04.2020;1,16
18.04.2020;1,16
17.04.2020;1,17
16.04.2020;1,17
15.04.2020;1,18
14.04.2020;1,18
13.04.2020;1,18
12.04.2020;1,18
11.04.2020;1,19
10.04.2020;1,19
09.04.2020;1,19
08.04.2020;1,2
07.04.2020;1,2
06.04.2020;1,21
05.04.2020;1,2
04.04.2020;1,2
03.04.2020;1,2
02.04.2020;1,21
01.04.2020;1,21
31.03.2020;1,22
30.03.2020;1,22
29.03.2020;1,22
28.03.2020;1,22
27.03.2020;1,22
26.03.2020;1,23
25.03.2020;1,23
24.03.2020;1,23
23.03.2020;1,24
22.03.2020;1,24
21.03.2020;1,24
20.03.2020;1,25
19.03.2020;1,25
18.03.2020;1,26
17.03.2020;1,27
16.03.2020;1,28
15.03.2020;1,27
14.03.2020;1,29
13.03.2020;1,3
12.03.2020;1,31
11.03.2020;1,32
10.03.2020;1,34
09.03.2020;1,35
08.03.2020;1,35
07.03.2020;1,35
06.03.2020;1,35
05.03.2020;1,34
04.03.2020;1,35
03.03.2020;1,35
02.03.2020;1,35
01.03.2020;1,35
29.02.2020;1,35
28.02.2020;1,36
27.02.2020;1,38
26.02.2020;1,38
25.02.2020;1,39
24.02.2020;1,39
23.02.2020;1,39
22.02.2020;1,39
21.02.2020;1,39
20.02.2020;1,38
19.02.2020;1,39
18.02.2020;1,38
17.02.2020;1,38
16.02.2020;1,38
15.02.2020;1,38
14.02.2020;1,37
13.02.2020;1,37
12.02.2020;1,37
11.02.2020;1,38
10.02.2020;1,38
09.02.2020;1,38
08.02.2020;1,38
07.02.2020;1,37
06.02.2020;1,37
05.02.2020;1,37
04.02.2020;1,38
03.02.2020;1,38
02.02.2020;1,38
31.01.2020;1,38
30.01.2020;1,37
29.01.2020;1,37
28.01.2020;1,38
27.01.2020;1,39
26.01.2020;1,39
25.01.2020;1,4
24.01.2020;1,41
23.01.2020;1,41
22.01.2020;1,41
20.01.2020;1,41
19.01.2020;1,41
18.01.2020;1,4
17.01.2020;1,4
16.01.2020;1,4
15.01.2020;1,4
14.01.2020;1,4
13.01.2020;1,4
12.01.2020;1,39
11.01.2020;1,38
10.01.2020;1,4
09.01.2020;1,4
08.01.2020;1,4
07.01.2020;1,4
06.01.2020;1,41
05.01.2020;1,4
04.01.2020;1,4
03.01.2020;1,42
02.01.2020;1,43
01.01.2020;1,42
31.12.2019;1,41
30.12.2019;1,41
29.12.2019;1,41
28.12.2019;1,4
27.12.2019;1,39
26.12.2019;1,39
25.12.2019;1,39
24.12.2019;1,39
23.12.2019;1,39
22.12.2019;1,39
21.12.2019;1,38
20.12.2019;1,37
19.12.2019;1,38
18.12.2019;1,37
17.12.2019;1,37
16.12.2019;1,37
15.12.2019;1,37
14.12.2019;1,37
13.12.2019;1,37
12.12.2019;1,37
11.12.2019;1,37
10.12.2019;1,37
09.12.2019;1,37
08.12.2019;1,37
07.12.2019;1,37
06.12.2019;1,37
05.12.2019;1,37
04.12.2019;1,38
03.12.2019;1,38
02.12.2019;1,39
01.12.2019;1,38
30.11.2019;1,38
29.11.2019;1,38
28.11.2019;1,38
27.11.2019;1,38
26.11.2019;1,38
25.11.2019;1,38
24.11.2019;1,38
23.11.2019;1,37
22.11.2019;1,37
21.11.2019;1,37
20.11.2019;1,37
19.11.2019;1,37
18.11.2019;1,38
17.11.2019;1,37
16.11.2019;1,37
15.11.2019;1,38
14.11.2019;1,37
13.11.2019;1,38
12.11.2019;1,38
11.11.2019;1,37
10.11.2019;1,38
09.11.2019;1,38
08.11.2019;1,38
07.11.2019;1,38
06.11.2019;1,38
05.11.2019;1,37
04.11.2019;1,38
03.11.2019;1,37
02.11.2019;1,37
01.11.2019;1,37
31.10.2019;1,38
30.10.2019;1,37
29.10.2019;1,37
28.10.2019;1,37
27.10.2019;1,37
26.10.2019;1,36
25.10.2019;1,36
24.10.2019;1,36
23.10.2019;1,36
22.10.2019;1,37
21.10.2019;1,37
20.10.2019;1,37
19.10.2019;1,37
18.10.2019;1,37
17.10.2019;1,37
16.10.2019;1,38
15.10.2019;1,38
14.10.2019;1,38
13.10.2019;1,38
12.10.2019;1,38
11.10.2019;1,38
10.10.2019;1,39
09.10.2019;1,39
08.10.2019;1,39
07.10.2019;1,39
06.10.2019;1,39
05.10.2019;1,38
04.10.2019;1,38
03.10.2019;1,39
02.10.2019;1,39
01.10.2019;1,39
30.09.2019;1,39
29.09.2019;1,39
28.09.2019;1,39
27.09.2019;1,39
26.09.2019;1,4
25.09.2019;1,39
24.09.2019;1,4
23.09.2019;1,41
22.09.2019;1,4
21.09.2019;1,41
20.09.2019;1,42
19.09.2019;1,42
18.09.2019;1,4
17.09.2019;1,39
16.09.2019;1,38
15.09.2019;1,38
14.09.2019;1,38
13.09.2019;1,38
12.09.2019;1,38
11.09.2019;1,38
10.09.2019;1,38
09.09.2019;1,39
08.09.2019;1,38
07.09.2019;1,38
06.09.2019;1,37
05.09.2019;1,38
04.09.2019;1,38
03.09.2019;1,38
02.09.2019;1,39
01.09.2019;1,39
31.08.2019;1,39
30.08.2019;1,39
29.08.2019;1,39
28.08.2019;1,39
27.08.2019;1,39
26.08.2019;1,4
25.08.2019;1,39
24.08.2019;1,39
23.08.2019;1,39
22.08.2019;1,4
21.08.2019;1,4
20.08.2019;1,4
19.08.2019;1,41
18.08.2019;1,4
17.08.2019;1,41
15.08.2019;1,4
14.08.2019;1,4
13.08.2019;1,4
12.08.2019;1,4
11.08.2019;1,4
10.08.2019;1,41
09.08.2019;1,41
08.08.2019;1,42
07.08.2019;1,43
06.08.2019;1,43
05.08.2019;1,44
04.08.2019;1,43
03.08.2019;1,43
02.08.2019;1,43
01.08.2019;1,43
31.07.2019;1,43
30.07.2019;1,43
29.07.2019;1,43
28.07.2019;1,43
27.07.2019;1,43
26.07.2019;1,43
25.07.2019;1,43
24.07.2019;1,44
23.07.2019;1,44
22.07.2019;1,44
21.07.2019;1,44
20.07.2019;1,44
19.07.2019;1,44
18.07.2019;1,45
17.07.2019;1,45
16.07.2019;1,46
15.07.2019;1,46
14.07.2019;1,45
13.07.2019;1,45
12.07.2019;1,44
11.07.2019;1,44
10.07.2019;1,44
09.07.2019;1,44
08.07.2019;1,44
07.07.2019;1,44
06.07.2019;1,44
05.07.2019;1,44
04.07.2019;1,45
03.07.2019;1,45
02.07.2019;1,46
01.07.2019;1,46
30.06.2019;1,46
29.06.2019;1,46
28.06.2019;1,45
27.06.2019;1,45
26.06.2019;1,46
25.06.2019;1,46
24.06.2019;1,46
23.06.2019;1,46
22.06.2019;1,46
21.06.2019;1,45
20.06.2019;1,46
19.06.2019;1,46
17.06.2019;1,47
16.06.2019;1,46
15.06.2019;1,46
14.06.2019;1,47
13.06.2019;1,47
12.06.2019;1,48
11.06.2019;1,48
10.06.2019;1,48
09.06.2019;1,46
08.06.2019;1,47
07.06.2019;1,49
06.06.2019;1,48
05.06.2019;1,5
23.05.2019;1,52
22.05.2019;1,52
21.05.2019;1,51
20.05.2019;1,5
18.05.2019;1,5
17.05.2019;1,49
16.05.2019;1,49
15.05.2019;1,49
14.05.2019;1,49
13.05.2019;1,49
12.05.2019;1,49
11.05.2019;1,49
10.05.2019;1,49
09.05.2019;1,49
08.05.2019;1,49
07.05.2019;1,49
06.05.2019;1,49
05.05.2019;1,48
04.05.2019;1,48
03.05.2019;1,48
02.05.2019;1,48
01.05.2019;1,47
30.04.2019;1,48
29.04.2019;1,48
28.04.2019;1,48
27.04.2019;1,47
26.04.2019;1,47
25.04.2019;1,46
24.04.2019;1,46
23.04.2019;1,46
22.04.2019;1,46
21.04.2019;1,46
20.04.2019;1,46
19.04.2019;1,45
18.04.2019;1,44
17.04.2019;1,44
16.04.2019;1,44
15.04.2019;1,44
14.04.2019;1,44
13.04.2019;1,43
12.04.2019;1,43
11.04.2019;1,42
10.04.2019;1,42
09.04.2019;1,41
08.04.2019;1,41
07.04.2019;1,41
06.04.2019;1,4
05.04.2019;1,4
04.04.2019;1,4
03.04.2019;1,39
02.04.2019;1,39
01.04.2019;1,38
31.03.2019;1,39
30.03.2019;1,39
29.03.2019;1,38
28.03.2019;1,38
27.03.2019;1,37
26.03.2019;1,36
25.03.2019;1,37
24.03.2019;1,36
23.03.2019;1,35
21.03.2019;1,35
20.03.2019;1,35
19.03.2019;1,35
18.03.2019;1,35
17.03.2019;1,35
16.03.2019;1,34
15.03.2019;1,34
14.03.2019;1,34
13.03.2019;1,34
12.03.2019;1,34
10.03.2019;1,34
09.03.2019;1,34
08.03.2019;1,33
07.03.2019;1,33
06.03.2019;1,33
05.03.2019;1,33
04.03.2019;1,34
03.03.2019;1,33
02.03.2019;1,33
01.03.2019;1,33
28.02.2019;1,33
27.02.2019;1,34
26.02.2019;1,34
25.02.2019;1,34
24.02.2019;1,34
23.02.2019;1,33
22.02.2019;1,33
21.02.2019;1,33
20.02.2019;1,33
19.02.2019;1,33
18.02.2019;1,33
17.02.2019;1,32
16.02.2019;1,31
15.02.2019;1,31
14.02.2019;1,31
13.02.2019;1,31
12.02.2019;1,31
11.02.2019;1,31
10.02.2019;1,31
09.02.2019;1,31
08.02.2019;1,31
07.02.2019;1,3
06.02.2019;1,31
05.02.2019;1,3
04.02.2019;1,31
03.02.2019;1,3
02.02.2019;1,3
01.02.2019;1,3
31.01.2019;1,3
30.01.2019;1,3
29.01.2019;1,31
28.01.2019;1,31
27.01.2019;1,31
26.01.2019;1,32
25.01.2019;1,31
24.01.2019;1,32
23.01.2019;1,31
22.01.2019;1,32
21.01.2019;1,32
20.01.2019;1,32
19.01.2019;1,32
18.01.2019;1,32
17.01.2019;1,32
16.01.2019;1,33
15.01.2019;1,33
14.01.2019;1,34
13.01.2019;1,33
12.01.2019;1,33
11.01.2019;1,33
10.01.2019;1,33
09.01.2019;1,33
08.01.2019;1,34
07.01.2019;1,34
06.01.2019;1,33
05.01.2019;1,33
04.01.2019;1,33
03.01.2019;1,34
02.01.2019;1,35
01.01.2019;1,35
31.12.2018;1,35
30.12.2018;1,35
29.12.2018;1,35
28.12.2018;1,36
27.12.2018;1,36
26.12.2018;1,37
25.12.2018;1,37
24.12.2018;1,37
23.12.2018;1,37
22.12.2018;1,38
21.12.2018;1,38
20.12.2018;1,39
19.12.2018;1,4
18.12.2018;1,41
17.12.2018;1,41
16.12.2018;1,41
15.12.2018;1,41
14.12.2018;1,42
13.12.2018;1,42
12.12.2018;1,43
11.12.2018;1,44
10.12.2018;1,44
09.12.2018;1,44
08.12.2018;1,45
07.12.2018;1,45
06.12.2018;1,46
05.12.2018;1,46
04.12.2018;1,47
03.12.2018;1,47
02.12.2018;1,46
01.12.2018;1,47
30.11.2018;1,47
29.11.2018;1,48
28.11.2018;1,48
27.11.2018;1,49
26.11.2018;1,5
25.11.2018;1,5
24.11.2018;1,5
23.11.2018;1,51
22.11.2018;1,51
21.11.2018;1,52
20.11.2018;1,52
19.11.2018;1,53
18.11.2018;1,53
17.11.2018;1,53
16.11.2018;1,53
15.11.2018;1,53
14.11.2018;1,54
13.11.2018;1,54
12.11.2018;1,54
11.11.2018;1,54
10.11.2018;1,54
09.11.2018;1,53
08.11.2018;1,53
07.11.2018;1,54
06.11.2018;1,54
05.11.2018;1,54
04.11.2018;1,54
03.11.2018;1,54
02.11.2018;1,54
01.11.2018;1,54
31.10.2018;1,53
30.10.2018;1,53
29.10.2018;1,53
28.10.2018;1,53
27.10.2018;1,52
26.10.2018;1,52
25.10.2018;1,51
24.10.2018;1,51
23.10.2018;1,5
22.10.2018;1,51
21.10.2018;1,49
20.10.2018;1,5
19.10.2018;1,49
18.10.2018;1,49
17.10.2018;1,49
16.10.2018;1,49
15.10.2018;1,5
14.10.2018;1,49
13.10.2018;1,5
12.10.2018;1,51
11.10.2018;1,51
10.10.2018;1,51
09.10.2018;1,51
08.10.2018;1,51
07.10.2018;1,52
06.10.2018;1,51
05.10.2018;1,51
04.10.2018;1,5
03.10.2018;1,5
02.10.2018;1,49
01.10.2018;1,5
30.09.2018;1,5
29.09.2018;1,49
28.09.2018;1,49
27.09.2018;1,47
25.09.2018;1,49
24.09.2018;1,5
23.09.2018;1,5
22.09.2018;1,5
21.09.2018;1,5
20.09.2018;1,5
19.09.2018;1,5
18.09.2018;1,5
17.09.2018;1,51
16.09.2018;1,5
15.09.2018;1,5
14.09.2018;1,5
13.09.2018;1,5
12.09.2018;1,49
11.09.2018;1,49
10.09.2018;1,5
09.09.2018;1,49
08.09.2018;1,49
07.09.2018;1,49
06.09.2018;1,49
05.09.2018;1,48
04.09.2018;1,48
03.09.2018;1,48
02.09.2018;1,48
01.09.2018;1,48
31.08.2018;1,47
30.08.2018;1,47
29.08.2018;1,47
28.08.2018;1,47
27.08.2018;1,48
26.08.2018;1,47
25.08.2018;1,47
24.08.2018;1,46
23.08.2018;1,46
22.08.2018;1,46
21.08.2018;1,46
20.08.2018;1,47
19.08.2018;1,46
18.08.2018;1,46
17.08.2018;1,46
16.08.2018;1,46
15.08.2018;1,46
14.08.2018;1,46
13.08.2018;1,46
12.08.2018;1,46
11.08.2018;1,46
10.08.2018;1,46
09.08.2018;1,46
08.08.2018;1,46
07.08.2018;1,46
06.08.2018;1,46
05.08.2018;1,45
04.08.2018;1,45
03.08.2018;1,45
02.08.2018;1,44
01.08.2018;1,44
31.07.2018;1,45
30.07.2018;1,45
29.07.2018;1,45
28.07.2018;1,44
27.07.2018;1,44
26.07.2018;1,43
25.07.2018;1,43
24.07.2018;1,43
23.07.2018;1,44
22.07.2018;1,43
21.07.2018;1,42
20.07.2018;1,43
19.07.2018;1,43
18.07.2018;1,43
17.07.2018;1,44
16.07.2018;1,44
15.07.2018;1,44
14.07.2018;1,44
13.07.2018;1,44
12.07.2018;1,44
11.07.2018;1,44
10.07.2018;1,44
09.07.2018;1,45
08.07.2018;1,44
07.07.2018;1,44
06.07.2018;1,44
05.07.2018;1,44
04.07.2018;1,44
03.07.2018;1,44
02.07.2018;1,45
01.07.2018;1,44
30.06.2018;1,44
29.06.2018;1,43
28.06.2018;1,43
27.06.2018;1,43
26.06.2018;1,43
25.06.2018;1,43
24.06.2018;1,43
23.06.2018;1,43
22.06.2018;1,43
21.06.2018;1,43
20.06.2018;1,44
19.06.2018;1,44
18.06.2018;1,44
17.06.2018;1,44
16.06.2018;1,44
15.06.2018;1,44
14.06.2018;1,44
13.06.2018;1,44
12.06.2018;1,44
11.06.2018;1,44
10.06.2018;1,44
09.06.2018;1,44
08.06.2018;1,44
07.06.2018;1,45
06.06.2018;1,45
05.06.2018;1,45
04.06.2018;1,46
03.06.2018;1,45
02.06.2018;1,45
01.06.2018;1,45
31.05.2018;1,45
30.05.2018;1,45
29.05.2018;1,46
28.05.2018;1,46
27.05.2018;1,46
26.05.2018;1,46
25.05.2018;1,45
24.05.2018;1,45
23.05.2018;1,45
22.05.2018;1,46
21.05.2018;1,46
20.05.2018;1,45
18.05.2018;1,44
17.05.2018;1,43
16.05.2018;1,43
15.05.2018;1,42
14.05.2018;1,43
13.05.2018;1,42
12.05.2018;1,42
11.05.2018;1,42
10.05.2018;1,39
09.05.2018;1,41
08.05.2018;1,39
07.05.2018;1,4
06.05.2018;1,39
05.05.2018;1,39
04.05.2018;1,39
03.05.2018;1,39
02.05.2018;1,4
01.05.2018;1,39
30.04.2018;1,4
29.04.2018;1,39
28.04.2018;1,39
27.04.2018;1,38
26.04.2018;1,38
25.04.2018;1,38
24.04.2018;1,38
23.04.2018;1,38
22.04.2018;1,37
21.04.2018;1,37
20.04.2018;1,36
19.04.2018;1,36
18.04.2018;1,36
17.04.2018;1,37
16.04.2018;1,36
15.04.2018;1,36
14.04.2018;1,35
13.04.2018;1,35
12.04.2018;1,35
11.04.2018;1,34
10.04.2018;1,35
09.04.2018;1,35
08.04.2018;1,34
07.04.2018;1,35
06.04.2018;1,34
05.04.2018;1,34
04.04.2018;1,34
03.04.2018;1,34
02.04.2018;1,34
01.04.2018;1,34
31.03.2018;1,34
30.03.2018;1,33
29.03.2018;1,33
28.03.2018;1,33
27.03.2018;1,32
26.03.2018;1,33
25.03.2018;1,32
24.03.2018;1,32
23.03.2018;1,32
22.03.2018;1,31
21.03.2018;1,31
20.03.2018;1,31
19.03.2018;1,31
18.03.2018;1,31
17.03.2018;1,3
16.03.2018;1,29
15.03.2018;1,3
14.03.2018;1,31
13.03.2018;1,31
12.03.2018;1,31
11.03.2018;1,31
10.03.2018;1,31
09.03.2018;1,31
08.03.2018;1,31
07.03.2018;1,32
06.03.2018;1,32
05.03.2018;1,33
04.03.2018;1,32
03.03.2018;1,31
02.03.2018;1,32
01.03.2018;1,32
28.02.2018;1,32
27.02.2018;1,32
26.02.2018;1,33
25.02.2018;1,32
24.02.2018;1,32
23.02.2018;1,32
22.02.2018;1,31
21.02.2018;1,32
20.02.2018;1,32
19.02.2018;1,33
18.02.2018;1,32
17.02.2018;1,32
16.02.2018;1,33
15.02.2018;1,33
14.02.2018;1,33
13.02.2018;1,34
12.02.2018;1,34
11.02.2018;1,34
10.02.2018;1,34
09.02.2018;1,34
08.02.2018;1,35
07.02.2018;1,35
06.02.2018;1,35
05.02.2018;1,36
04.02.2018;1,35
02.02.2018;1,34
01.02.2018;1,35
31.01.2018;1,36
30.01.2018;1,35
29.01.2018;1,35
28.01.2018;1,35
27.01.2018;1,35
26.01.2018;1,35
25.01.2018;1,35
24.01.2018;1,33
23.01.2018;1,34
22.01.2018;1,34
21.01.2018;1,34
20.01.2018;1,33
19.01.2018;1,33
18.01.2018;1,33
17.01.2018;1,33
16.01.2018;1,33
15.01.2018;1,34
13.01.2018;1,35
12.01.2018;1,34
11.01.2018;1,34
09.01.2018;1,34
08.01.2018;1,36
07.01.2018;1,35
06.01.2018;1,34
05.01.2018;1,34
04.01.2018;1,34
03.01.2018;1,35
02.01.2018;1,36
01.01.2018;1,36
31.12.2017;1,35
30.12.2017;1,35
29.12.2017;1,34
28.12.2017;1,34
27.12.2017;1,35
26.12.2017;1,35
25.12.2017;1,35
23.12.2017;1,34
22.12.2017;1,33
21.12.2017;1,34
20.12.2017;1,33
19.12.2017;1,34
18.12.2017;1,34
17.12.2017;1,34
16.12.2017;1,34
15.12.2017;1,34
14.12.2017;1,34
13.12.2017;1,33
12.12.2017;1,34
11.12.2017;1,34
10.12.2017;1,33
09.12.2017;1,33
08.12.2017;1,33
07.12.2017;1,34
06.12.2017;1,34
05.12.2017;1,34
04.12.2017;1,35
03.12.2017;1,34
02.12.2017;1,34
01.12.2017;1,32
30.11.2017;1,35
29.11.2017;1,34
28.11.2017;1,34
27.11.2017;1,35
26.11.2017;1,34
25.11.2017;1,34
24.11.2017;1,34
23.11.2017;1,34
22.11.2017;1,34
21.11.2017;1,34
20.11.2017;1,35
19.11.2017;1,33
18.11.2017;1,35
17.11.2017;1,36
16.11.2017;1,36
15.11.2017;1,36
14.11.2017;1,35
13.11.2017;1,37
12.11.2017;1,37
11.11.2017;1,37
10.11.2017;1,37
09.11.2017;1,35
08.11.2017;1,36
07.11.2017;1,35
06.11.2017;1,36
05.11.2017;1,35
04.11.2017;1,34
03.11.2017;1,34
02.11.2017;1,34
01.11.2017;1,34
31.10.2017;1,33
30.10.2017;1,33
29.10.2017;1,33
28.10.2017;1,32
27.10.2017;1,32
26.10.2017;1,31
25.10.2017;1,31
24.10.2017;1,31
23.10.2017;1,32
22.10.2017;1,32
21.10.2017;1,31
20.10.2017;1,31
19.10.2017;1,31
18.10.2017;1,31
17.10.2017;1,32
16.10.2017;1,32
15.10.2017;1,32
14.10.2017;1,31
13.10.2017;1,31
12.10.2017;1,31
11.10.2017;1,32
10.10.2017;1,32
09.10.2017;1,33
08.10.2017;1,32
07.10.2017;1,32
06.10.2017;1,32
05.10.2017;1,32
04.10.2017;1,33
03.10.2017;1,33
02.10.2017;1,34
01.10.2017;1,33
30.09.2017;1,33
29.09.2017;1,33
28.09.2017;1,33
27.09.2017;1,34
26.09.2017;1,33
25.09.2017;1,34
24.09.2017;1,33
23.09.2017;1,32
22.09.2017;1,32
21.09.2017;1,33
20.09.2017;1,33
19.09.2017;1,33
18.09.2017;1,35
17.09.2017;1,34
16.09.2017;1,33
15.09.2017;1,33
14.09.2017;1,34
13.09.2017;1,34
12.09.2017;1,35
11.09.2017;1,36
10.09.2017;1,35
09.09.2017;1,34
08.09.2017;1,34
07.09.2017;1,34
06.09.2017;1,34
05.09.2017;1,35
04.09.2017;1,35
03.09.2017;1,35
02.09.2017;1,33
01.09.2017;1,32
31.08.2017;1,31
30.08.2017;1,31
29.08.2017;1,32
28.08.2017;1,32
27.08.2017;1,31
26.08.2017;1,31
25.08.2017;1,31
24.08.2017;1,31
23.08.2017;1,31
22.08.2017;1,3
21.08.2017;1,31
20.08.2017;1,31
19.08.2017;1,31
18.08.2017;1,31
17.08.2017;1,31
16.08.2017;1,31
15.08.2017;1,31
14.08.2017;1,32
13.08.2017;1,31
12.08.2017;1,31
11.08.2017;1,31
10.08.2017;1,31
09.08.2017;1,31
08.08.2017;1,31
07.08.2017;1,32
06.08.2017;1,31
05.08.2017;1,31
04.08.2017;1,31
02.08.2017;1,3
01.08.2017;1,3
31.07.2017;1,31
30.07.2017;1,3
29.07.2017;1,3
28.07.2017;1,29
27.07.2017;1,29
26.07.2017;1,3
25.07.2017;1,3
24.07.2017;1,31
23.07.2017;1,31
22.07.2017;1,3
21.07.2017;1,29
20.07.2017;1,3
19.07.2017;1,3
18.07.2017;1,3
17.07.2017;1,31
16.07.2017;1,3
15.07.2017;1,3
13.07.2017;1,3
12.07.2017;1,29
11.07.2017;1,29
10.07.2017;1,31
09.07.2017;1,3
08.07.2017;1,3
07.07.2017;1,3
06.07.2017;1,3
05.07.2017;1,29
04.07.2017;1,3
03.07.2017;1,31
02.07.2017;1,3
01.07.2017;1,3
30.06.2017;1,29
29.06.2017;1,3
28.06.2017;1,3
27.06.2017;1,3
26.06.2017;1,31
25.06.2017;1,3
24.06.2017;1,3
23.06.2017;1,3
22.06.2017;1,3
21.06.2017;1,3
20.06.2017;1,31
19.06.2017;1,31
18.06.2017;1,31
17.06.2017;1,31
16.06.2017;1,31
15.06.2017;1,31
14.06.2017;1,31
13.06.2017;1,32
12.06.2017;1,32
11.06.2017;1,32
10.06.2017;1,31
09.06.2017;1,32
08.06.2017;1,32
07.06.2017;1,33
06.06.2017;1,33
05.06.2017;1,34
04.06.2017;1,33
03.06.2017;1,33
02.06.2017;1,33
01.06.2017;1,33
31.05.2017;1,33
30.05.2017;1,33
29.05.2017;1,34
28.05.2017;1,34
27.05.2017;1,33
26.05.2017;1,34
25.05.2017;1,33
24.05.2017;1,33
23.05.2017;1,33
22.05.2017;1,34
21.05.2017;1,33
20.05.2017;1,33
19.05.2017;1,32
18.05.2017;1,32
17.05.2017;1,33
16.05.2017;1,33
15.05.2017;1,34
14.05.2017;1,33
13.05.2017;1,32
12.05.2017;1,32
11.05.2017;1,32
10.05.2017;1,32
09.05.2017;1,32
08.05.2017;1,33
07.05.2017;1,32
06.05.2017;1,32
05.05.2017;1,33
04.05.2017;1,33
03.05.2017;1,33
02.05.2017;1,35
01.05.2017;1,34
30.04.2017;1,34
29.04.2017;1,34
28.04.2017;1,34
27.04.2017;1,34
26.04.2017;1,35
25.04.2017;1,35
24.04.2017;1,37
23.04.2017;1,36
22.04.2017;1,36
21.04.2017;1,35
20.04.2017;1,36
19.04.2017;1,36
18.04.2017;1,37
17.04.2017;1,38
16.04.2017;1,37
15.04.2017;1,37
14.04.2017;1,36
13.04.2017;1,36
12.04.2017;1,36
11.04.2017;1,36
10.04.2017;1,36
09.04.2017;1,36
08.04.2017;1,35
07.04.2017;1,34
06.04.2017;1,34
05.04.2017;1,34
04.04.2017;1,33
03.04.2017;1,34
02.04.2017;1,33
01.04.2017;1,33
31.03.2017;1,32
30.03.2017;1,31
29.03.2017;1,31
28.03.2017;1,31
27.03.2017;1,33
26.03.2017;1,32
25.03.2017;1,31
24.03.2017;1,31
23.03.2017;1,31
22.03.2017;1,31
21.03.2017;1,31
20.03.2017;1,33
19.03.2017;1,32
18.03.2017;1,31
17.03.2017;1,31
16.03.2017;1,32
15.03.2017;1,33
14.03.2017;1,33
13.03.2017;1,34
12.03.2017;1,35
11.03.2017;1,33
10.03.2017;1,34
09.03.2017;1,34
08.03.2017;1,34
07.03.2017;1,34
06.03.2017;1,36
05.03.2017;1,35
04.03.2017;1,35
03.03.2017;1,35
02.03.2017;1,35
01.03.2017;1,35
28.02.2017;1,36
27.02.2017;1,37
26.02.2017;1,36
25.02.2017;1,36
24.02.2017;1,35
23.02.2017;1,36
22.02.2017;1,36
21.02.2017;1,36
20.02.2017;1,37
19.02.2017;1,37
18.02.2017;1,37
17.02.2017;1,36
16.02.2017;1,36
15.02.2017;1,36
14.02.2017;1,36
13.02.2017;1,37
12.02.2017;1,36
11.02.2017;1,36
10.02.2017;1,35
09.02.2017;1,35
08.02.2017;1,36
07.02.2017;1,36
06.02.2017;1,37
05.02.2017;1,36
04.02.2017;1,35
03.02.2017;1,35
02.02.2017;1,35
01.02.2017;1,35
31.01.2017;1,35
30.01.2017;1,36
29.01.2017;1,35
28.01.2017;1,35
27.01.2017;1,34
26.01.2017;1,34
25.01.2017;1,35
24.01.2017;1,35
23.01.2017;1,36
22.01.2017;1,35
21.01.2017;1,35
20.01.2017;1,35
19.01.2017;1,35
18.01.2017;1,35
17.01.2017;1,35
16.01.2017;1,36
15.01.2017;1,36
14.01.2017;1,35
13.01.2017;1,35
12.01.2017;1,35
11.01.2017;1,35
10.01.2017;1,36
09.01.2017;1,37
08.01.2017;1,36
07.01.2017;1,36
06.01.2017;1,36
05.01.2017;1,36
04.01.2017;1,35
03.01.2017;1,36
02.01.2017;1,38
01.01.2017;1,36
31.12.2016;1,35
30.12.2016;1,35
29.12.2016;1,34
28.12.2016;1,35
27.12.2016;1,35
26.12.2016;1,36
25.12.2016;1,35
24.12.2016;1,34
23.12.2016;1,34
22.12.2016;1,34
21.12.2016;1,34
20.12.2016;1,34
19.12.2016;1,35
18.12.2016;1,34
17.12.2016;1,33
16.12.2016;1,32
15.12.2016;1,33
14.12.2016;1,33
13.12.2016;1,32
12.12.2016;1,34
11.12.2016;1,32
10.12.2016;1,31
09.12.2016;1,31
08.12.2016;1,32
07.12.2016;1,31
06.12.2016;1,31
05.12.2016;1,32
04.12.2016;1,31
03.12.2016;1,3
02.12.2016;1,29
01.12.2016;1,29
30.11.2016;1,29
29.11.2016;1,29
28.11.2016;1,3
27.11.2016;1,29
26.11.2016;1,29
25.11.2016;1,28
24.11.2016;1,28
23.11.2016;1,27
22.11.2016;1,28
21.11.2016;1,28
20.11.2016;1,28
19.11.2016;1,27
18.11.2016;1,27
17.11.2016;1,27
16.11.2016;1,28
15.11.2016;1,28
14.11.2016;1,28
13.11.2016;1,28
12.11.2016;1,28
11.11.2016;1,28
10.11.2016;1,28
09.11.2016;1,28
08.11.2016;1,29
07.11.2016;1,3
06.11.2016;1,3
05.11.2016;1,29
04.11.2016;1,3
03.11.2016;1,31
02.11.2016;1,31
01.11.2016;1,31
31.10.2016;1,32
30.10.2016;1,31
29.10.2016;1,31
28.10.2016;1,31
27.10.2016;1,31
26.10.2016;1,31
25.10.2016;1,31
24.10.2016;1,32
23.10.2016;1,31
22.10.2016;1,31
21.10.2016;1,31
20.10.2016;1,31
19.10.2016;1,31
18.10.2016;1,31
17.10.2016;1,32
16.10.2016;1,31
15.10.2016;1,31
14.10.2016;1,31
13.10.2016;1,31
12.10.2016;1,31
11.10.2016;1,31
10.10.2016;1,32
09.10.2016;1,31
08.10.2016;1,3
07.10.2016;1,3
06.10.2016;1,29
05.10.2016;1,29
04.10.2016;1,3
03.10.2016;1,3
02.10.2016;1,29
01.10.2016;1,28
30.09.2016;1,28
29.09.2016;1,28
28.09.2016;1,28
27.09.2016;1,28
26.09.2016;1,29
25.09.2016;1,28
24.09.2016;1,28
23.09.2016;1,28
22.09.2016;1,28
21.09.2016;1,28
20.09.2016;1,28
19.09.2016;1,29
18.09.2016;1,28
17.09.2016;1,28
16.09.2016;1,28
15.09.2016;1,28
14.09.2016;1,29
13.09.2016;1,29
12.09.2016;1,3
11.09.2016;1,29
10.09.2016;1,28
09.09.2016;1,27
08.09.2016;1,27
07.09.2016;1,27
06.09.2016;1,27
05.09.2016;1,28
04.09.2016;1,28
03.09.2016;1,28
02.09.2016;1,28
01.09.2016;1,28
31.08.2016;1,28
30.08.2016;1,28
29.08.2016;1,29
28.08.2016;1,28
27.08.2016;1,28
26.08.2016;1,27
25.08.2016;1,28
24.08.2016;1,28
23.08.2016;1,28
22.08.2016;1,28
21.08.2016;1,28
20.08.2016;1,27
19.08.2016;1,27
17.08.2016;1,26
16.08.2016;1,26
15.08.2016;1,27
14.08.2016;1,26
12.08.2016;1,26
11.08.2016;1,27
10.08.2016;1,26
09.08.2016;1,26
08.08.2016;1,26
07.08.2016;1,26
06.08.2016;1,25
05.08.2016;1,25
04.08.2016;1,25
03.08.2016;1,25
02.08.2016;1,26
01.08.2016;1,26
31.07.2016;1,26
30.07.2016;1,26
29.07.2016;1,26
28.07.2016;1,26
27.07.2016;1,26
26.07.2016;1,27
25.07.2016;1,28
24.07.2016;1,27
22.07.2016;1,27
21.07.2016;1,27
20.07.2016;1,28
19.07.2016;1,28
18.07.2016;1,28
17.07.2016;1,28
16.07.2016;1,27
14.07.2016;1,28
13.07.2016;1,28
12.07.2016;1,28
11.07.2016;1,29
10.07.2016;1,28
09.07.2016;1,29
08.07.2016;1,28
05.07.2016;1,31
03.07.2016;1,31
02.07.2016;1,31
01.07.2016;1,31
30.06.2016;1,31
29.06.2016;1,31
28.06.2016;1,32
27.06.2016;1,32
26.06.2016;1,32
25.06.2016;1,32
24.06.2016;1,31
23.06.2016;1,31
22.06.2016;1,31
21.06.2016;1,3
20.06.2016;1,31
19.06.2016;1,3
18.06.2016;1,3
17.06.2016;1,31
16.06.2016;1,31
15.06.2016;1,31
14.06.2016;1,31
13.06.2016;1,32
12.06.2016;1,32
11.06.2016;1,31
10.06.2016;1,31
09.06.2016;1,31
07.06.2016;1,32
06.06.2016;1,33
05.06.2016;1,32
04.06.2016;1,32
03.06.2016;1,32
02.06.2016;1,32
01.06.2016;1,31
31.05.2016;1,31
30.05.2016;1,32
29.05.2016;1,31
28.05.2016;1,31
27.05.2016;1,31
26.05.2016;1,3
25.05.2016;1,3
24.05.2016;1,3
23.05.2016;1,3
22.05.2016;1,3
21.05.2016;1,3
20.05.2016;1,3
19.05.2016;1,29
18.05.2016;1,28
17.05.2016;1,29
16.05.2016;1,29
15.05.2016;1,28
14.05.2016;1,27
13.05.2016;1,27
12.05.2016;1,27
11.05.2016;1,27
10.05.2016;1,27
09.05.2016;1,29
08.05.2016;1,28
07.05.2016;1,27
06.05.2016;1,28
05.05.2016;1,28
04.05.2016;1,28
03.05.2016;1,28
02.05.2016;1,29
01.05.2016;1,28
30.04.2016;1,28
29.04.2016;1,28
28.04.2016;1,27
27.04.2016;1,27
26.04.2016;1,27
25.04.2016;1,27
24.04.2016;1,26
23.04.2016;1,25
22.04.2016;1,25
21.04.2016;1,25
20.04.2016;1,25
19.04.2016;1,25
18.04.2016;1,28
17.04.2016;1,25
16.04.2016;1,26
15.04.2016;1,26
14.04.2016;1,25
13.04.2016;1,25
12.04.2016;1,24
11.04.2016;1,25
10.04.2016;1,24
09.04.2016;1,22
08.04.2016;1,23
07.04.2016;1,24
06.04.2016;1,24
05.04.2016;1,24
04.04.2016;1,25
03.04.2016;1,24
02.04.2016;1,24
01.04.2016;1,23
31.03.2016;1,23
30.03.2016;1,22
29.03.2016;1,23
28.03.2016;1,23
27.03.2016;1,22
26.03.2016;1,22
25.03.2016;1,21
24.03.2016;1,2
23.03.2016;1,2
22.03.2016;1,19
21.03.2016;1,2
20.03.2016;1,19
19.03.2016;1,19
18.03.2016;1,18
17.03.2016;1,19
16.03.2016;1,19
15.03.2016;1,19
14.03.2016;1,21
13.03.2016;1,2
12.03.2016;1,2
11.03.2016;1,19
10.03.2016;1,19
09.03.2016;1,18
08.03.2016;1,18
07.03.2016;1,19
06.03.2016;1,18
05.03.2016;1,18
04.03.2016;1,18
03.03.2016;1,18
02.03.2016;1,18
01.03.2016;1,18
29.02.2016;1,18
28.02.2016;1,18
27.02.2016;1,17
26.02.2016;1,17
25.02.2016;1,17
24.02.2016;1,16
23.02.2016;1,17
21.02.2016;1,18
20.02.2016;1,18
19.02.2016;1,18
18.02.2016;1,18
17.02.2016;1,18
16.02.2016;1,17
15.02.2016;1,18
14.02.2016;1,17
13.02.2016;1,17
12.02.2016;1,18
11.02.2016;1,19
10.02.2016;1,19
09.02.2016;1,19
08.02.2016;1,2
07.02.2016;1,2
06.02.2016;1,2
05.02.2016;1,2
04.02.2016;1,21
03.02.2016;1,21
02.02.2016;1,22
01.02.2016;1,22
31.01.2016;1,22
30.01.2016;1,21
29.01.2016;1,19
28.01.2016;1,21
27.01.2016;1,21
26.01.2016;1,21
25.01.2016;1,21
24.01.2016;1,2
23.01.2016;1,2
22.01.2016;1,2
21.01.2016;1,2
19.01.2016;1,19
18.01.2016;1,21
17.01.2016;1,21
16.01.2016;1,21
15.01.2016;1,22
14.01.2016;1,22
13.01.2016;1,23
12.01.2016;1,24
11.01.2016;1,24
10.01.2016;1,24
09.01.2016;1,24
08.01.2016;1,25
07.01.2016;1,25
06.01.2016;1,25
05.01.2016;1,25
04.01.2016;1,25
03.01.2016;1,25
02.01.2016;1,26
01.01.2016;1,25
31.12.2015;1,24
30.12.2015;1,24
29.12.2015;1,24
28.12.2015;1,25
27.12.2015;1,25
26.12.2015;1,25
25.12.2015;1,25
24.12.2015;1,25
22.12.2015;1,25
21.12.2015;1,26
20.12.2015;1,25
19.12.2015;1,25
18.12.2015;1,25
17.12.2015;1,25
15.12.2015;1,26
14.12.2015;1,27
13.12.2015;1,26
12.12.2015;1,26
11.12.2015;1,26
10.12.2015;1,26
09.12.2015;1,27
08.12.2015;1,28
07.12.2015;1,28
06.12.2015;1,27
05.12.2015;1,28
04.12.2015;1,29
03.12.2015;1,3
02.12.2015;1,3
01.12.2015;1,3
30.11.2015;1,3
29.11.2015;1,3
28.11.2015;1,3
27.11.2015;1,3
26.11.2015;1,3
25.11.2015;1,29
24.11.2015;1,29
23.11.2015;1,3
22.11.2015;1,3
21.11.2015;1,29
20.11.2015;1,29
19.11.2015;1,29
18.11.2015;1,29
17.11.2015;1,31
16.11.2015;1,31
15.11.2015;1,31
14.11.2015;1,31
13.11.2015;1,31
12.11.2015;1,32
11.11.2015;1,32
10.11.2015;1,32
09.11.2015;1,32
08.11.2015;1,31
07.11.2015;1,32
06.11.2015;1,31
05.11.2015;1,3
04.11.2015;1,3
03.11.2015;1,3
02.11.2015;1,3
01.11.2015;1,3
31.10.2015;1,29
30.10.2015;1,28
29.10.2015;1,28
28.10.2015;1,28
27.10.2015;1,28
26.10.2015;1,29
25.10.2015;1,29
24.10.2015;1,28
23.10.2015;1,28
22.10.2015;1,28
21.10.2015;1,29
20.10.2015;1,29
19.10.2015;1,3
18.10.2015;1,29
17.10.2015;1,29
16.10.2015;1,3
15.10.2015;1,3
14.10.2015;1,31
13.10.2015;1,31
12.10.2015;1,31
11.10.2015;1,31
10.10.2015;1,31
08.10.2015;1,3
07.10.2015;1,3
06.10.2015;1,3
05.10.2015;1,31
04.10.2015;1,31
02.10.2015;1,3
01.10.2015;1,31
30.09.2015;1,31
29.09.2015;1,32
28.09.2015;1,32
27.09.2015;1,32
26.09.2015;1,31
25.09.2015;1,31
24.09.2015;1,31
17.09.2015;1,32
16.09.2015;1,32
15.09.2015;1,33
14.09.2015;1,34
13.09.2015;1,33
12.09.2015;1,33
11.09.2015;1,33
10.09.2015;1,33
09.09.2015;1,34
08.09.2015;1,33
07.09.2015;1,35
06.09.2015;1,34
05.09.2015;1,34
04.09.2015;1,34
03.09.2015;1,34
02.09.2015;1,34
01.09.2015;1,33
31.08.2015;1,34
30.08.2015;1,33
29.08.2015;1,33
28.08.2015;1,33
27.08.2015;1,34
26.08.2015;1,35
25.08.2015;1,36
24.08.2015;1,37
23.08.2015;1,37
22.08.2015;1,38
21.08.2015;1,38
20.08.2015;1,38
19.08.2015;1,39
18.08.2015;1,39
17.08.2015;1,4
16.08.2015;1,4
15.08.2015;1,4
14.08.2015;1,4
13.08.2015;1,4
12.08.2015;1,42
11.08.2015;1,42
10.08.2015;1,43
09.08.2015;1,42
08.08.2015;1,42
07.08.2015;1,42
06.08.2015;1,43
05.08.2015;1,43
04.08.2015;1,43
03.08.2015;1,44
02.08.2015;1,43
01.08.2015;1,43
31.07.2015;1,43
30.07.2015;1,43
29.07.2015;1,43
28.07.2015;1,44
27.07.2015;1,44
26.07.2015;1,44
25.07.2015;1,45
24.07.2015;1,45
23.07.2015;1,45
22.07.2015;1,45
21.07.2015;1,45
20.07.2015;1,45
19.07.2015;1,45
18.07.2015;1,45
17.07.2015;1,46
16.07.2015;1,47
15.07.2015;1,47
14.07.2015;1,48
13.07.2015;1,48
12.07.2015;1,48
11.07.2015;1,48
10.07.2015;1,47
09.07.2015;1,47
08.07.2015;1,46
07.07.2015;1,46
06.07.2015;1,46
05.07.2015;1,46
04.07.2015;1,46
03.07.2015;1,45
02.07.2015;1,45
01.07.2015;1,45
30.06.2015;1,45
29.06.2015;1,45
28.06.2015;1,45
27.06.2015;1,45
26.06.2015;1,45
25.06.2015;1,45
24.06.2015;1,45
23.06.2015;1,45
22.06.2015;1,46
21.06.2015;1,46
20.06.2015;1,45
19.06.2015;1,46
18.06.2015;1,45
17.06.2015;1,46
16.06.2015;1,45
15.06.2015;1,46
14.06.2015;1,46
13.06.2015;1,46
12.06.2015;1,44
11.06.2015;1,44
10.06.2015;1,44
09.06.2015;1,44
08.06.2015;1,45
07.06.2015;1,45
06.06.2015;1,44
05.06.2015;1,45
04.06.2015;1,45
03.06.2015;1,45
02.06.2015;1,44
01.06.2015;1,45
31.05.2015;1,44
30.05.2015;1,44
29.05.2015;1,44
28.05.2015;1,44
27.05.2015;1,45
26.05.2015;1,45
25.05.2015;1,45
24.05.2015;1,45
23.05.2015;1,44
22.05.2015;1,44
21.05.2015;1,44
20.05.2015;1,44
19.05.2015;1,44
18.05.2015;1,45
17.05.2015;1,45
16.05.2015;1,44
15.05.2015;1,45
14.05.2015;1,44
13.05.2015;1,44
12.05.2015;1,44
11.05.2015;1,45
10.05.2015;1,45
09.05.2015;1,45
08.05.2015;1,45
07.05.2015;1,45
06.05.2015;1,45
05.05.2015;1,44
04.05.2015;1,45
03.05.2015;1,45
02.05.2015;1,45
01.05.2015;1,44
30.04.2015;1,45
29.04.2015;1,45
28.04.2015;1,44
27.04.2015;1,45
26.04.2015;1,44
25.04.2015;1,43
24.04.2015;1,43
23.04.2015;1,43
22.04.2015;1,43
21.04.2015;1,43
20.04.2015;1,43
19.04.2015;1,42
18.04.2015;1,42
17.04.2015;1,41
16.04.2015;1,41
15.04.2015;1,4
14.04.2015;1,4
13.04.2015;1,4
12.04.2015;1,4
11.04.2015;1,4
10.04.2015;1,39
09.04.2015;1,39
08.04.2015;1,39
07.04.2015;1,4
06.04.2015;1,4
05.04.2015;1,39
04.04.2015;1,4
03.04.2015;1,39
02.04.2015;1,39
01.04.2015;1,39
31.03.2015;1,38
30.03.2015;1,39
29.03.2015;1,39
28.03.2015;1,39
27.03.2015;1,38
26.03.2015;1,38
25.03.2015;1,37
24.03.2015;1,37
23.03.2015;1,38
22.03.2015;1,37
21.03.2015;1,37
20.03.2015;1,37
19.03.2015;1,37
18.03.2015;1,38
17.03.2015;1,38
16.03.2015;1,38
15.03.2015;1,38
14.03.2015;1,38
13.03.2015;1,37
12.03.2015;1,37
11.03.2015;1,37
10.03.2015;1,37
09.03.2015;1,37
08.03.2015;1,37
07.03.2015;1,36
06.03.2015;1,36
05.03.2015;1,36
04.03.2015;1,35
03.03.2015;1,35
02.03.2015;1,35
01.03.2015;1,34
28.02.2015;1,34
27.02.2015;1,33
26.02.2015;1,33
25.02.2015;1,33
24.02.2015;1,33
23.02.2015;1,33
22.02.2015;1,33
21.02.2015;1,33
20.02.2015;1,33
19.02.2015;1,33
18.02.2015;1,33
17.02.2015;1,32
16.02.2015;1,33
15.02.2015;1,32
14.02.2015;1,31
13.02.2015;1,31
12.02.2015;1,31
11.02.2015;1,31
09.02.2015;1,31
08.02.2015;1,3
07.02.2015;1,29
06.02.2015;1,3
05.02.2015;1,29
04.02.2015;1,28
03.02.2015;1,26
02.02.2015;1,26
01.02.2015;1,26
31.01.2015;1,25
30.01.2015;1,25
29.01.2015;1,25
28.01.2015;1,25
27.01.2015;1,26
26.01.2015;1,26
25.01.2015;1,25
24.01.2015;1,25
23.01.2015;1,24
22.01.2015;1,25
21.01.2015;1,25
20.01.2015;1,24
19.01.2015;1,25
18.01.2015;1,25
17.01.2015;1,24
16.01.2015;1,25
15.01.2015;1,25
14.01.2015;1,26
13.01.2015;1,26
12.01.2015;1,28
11.01.2015;1,27
10.01.2015;1,27
09.01.2015;1,26
08.01.2015;1,26
07.01.2015;1,27
06.01.2015;1,27
05.01.2015;1,28
04.01.2015;1,27
03.01.2015;1,27
02.01.2015;1,29
01.01.2015;1,27
31.12.2014;1,27
30.12.2014;1,27
29.12.2014;1,28
28.12.2014;1,28
26.12.2014;1,28
25.12.2014;1,27
24.12.2014;1,28
22.12.2014;1,28
21.12.2014;1,28
20.12.2014;1,28
19.12.2014;1,28
18.12.2014;1,28
17.12.2014;1,3
16.12.2014;1,3
15.12.2014;1,31
14.12.2014;1,31
13.12.2014;1,32
12.12.2014;1,32
11.12.2014;1,33
10.12.2014;1,34
09.12.2014;1,34
08.12.2014;1,35
07.12.2014;1,36
06.12.2014;1,36
05.12.2014;1,36
04.12.2014;1,37
03.12.2014;1,37
02.12.2014;1,39
01.12.2014;1,39
30.11.2014;1,39
29.11.2014;1,4
28.11.2014;1,41
27.11.2014;1,41
26.11.2014;1,41
25.11.2014;1,41
24.11.2014;1,42
23.11.2014;1,42
22.11.2014;1,41
21.11.2014;1,4
20.11.2014;1,42
19.11.2014;1,42
17.11.2014;1,43
16.11.2014;1,42
15.11.2014;1,43
14.11.2014;1,43
13.11.2014;1,43
12.11.2014;1,43
11.11.2014;1,44
10.11.2014;1,44
09.11.2014;1,44
08.11.2014;1,43
07.11.2014;1,43
06.11.2014;1,44
05.11.2014;1,44
04.11.2014;1,43
03.11.2014;1,43
02.11.2014;1,44
01.11.2014;1,43
31.10.2014;1,43
30.10.2014;1,43
29.10.2014;1,43
28.10.2014;1,43
27.10.2014;1,44
26.10.2014;1,44
25.10.2014;1,43
24.10.2014;1,43
23.10.2014;1,43
22.10.2014;1,44
21.10.2014;1,42
18.10.2014;1,44
17.10.2014;1,46
16.10.2014;1,47
15.10.2014;1,48
14.10.2014;1,49
13.10.2014;1,49
12.10.2014;1,49
11.10.2014;1,49
10.10.2014;1,49
09.10.2014;1,49
08.10.2014;1,5
07.10.2014;1,5
06.10.2014;1,51
05.10.2014;1,5
04.10.2014;1,51
03.10.2014;1,5
02.10.2014;1,5
01.10.2014;1,5
30.09.2014;1,51
29.09.2014;1,52
28.09.2014;1,51
27.09.2014;1,5
26.09.2014;1,5
25.09.2014;1,5
24.09.2014;1,5
23.09.2014;1,5
22.09.2014;1,51
21.09.2014;1,51
20.09.2014;1,49
19.09.2014;1,51
18.09.2014;1,51
17.09.2014;1,51
16.09.2014;1,51
15.09.2014;1,53
14.09.2014;1,52
13.09.2014;1,51
12.09.2014;1,52
11.09.2014;1,52
10.09.2014;1,52
09.09.2014;1,52
08.09.2014;1,53
07.09.2014;1,52
06.09.2014;1,52
05.09.2014;1,51
04.09.2014;1,51
03.09.2014;1,51
02.09.2014;1,52
01.09.2014;1,53
31.08.2014;1,52
30.08.2014;1,51
28.08.2014;1,51
27.08.2014;1,51
25.08.2014;1,52
24.08.2014;1,51
22.08.2014;1,5
21.08.2014;1,5
20.08.2014;1,5
19.08.2014;1,5
18.08.2014;1,51
17.08.2014;1,5
16.08.2014;1,5
15.08.2014;1,5
14.08.2014;1,5
13.08.2014;1,51
12.08.2014;1,51
11.08.2014;1,52
10.08.2014;1,51
09.08.2014;1,5
08.08.2014;1,5
06.08.2014;1,51
05.08.2014;1,52
04.08.2014;1,53
03.08.2014;1,52
02.08.2014;1,52
01.08.2014;1,52
31.07.2014;1,52
30.07.2014;1,52
29.07.2014;1,53
28.07.2014;1,53
27.07.2014;1,53
26.07.2014;1,52
25.07.2014;1,52
24.07.2014;1,52
23.07.2014;1,52
22.07.2014;1,52
21.07.2014;1,53
20.07.2014;1,53
19.07.2014;1,53
18.07.2014;1,53
17.07.2014;1,54
16.07.2014;1,54
15.07.2014;1,54
14.07.2014;1,54
13.07.2014;1,54
12.07.2014;1,54
11.07.2014;1,55
10.07.2014;1,55
09.07.2014;1,55
08.07.2014;1,54
07.07.2014;1,56
06.07.2014;1,55
05.07.2014;1,55
04.07.2014;1,55
03.07.2014;1,55
02.07.2014;1,55
01.07.2014;1,55
30.06.2014;1,56
29.06.2014;1,56
28.06.2014;1,55
27.06.2014;1,56
26.06.2014;1,56
25.06.2014;1,56
24.06.2014;1,56
23.06.2014;1,56
22.06.2014;1,56
21.06.2014;1,55
20.06.2014;1,54
19.06.2014;1,55
18.06.2014;1,53
17.06.2014;1,55
16.06.2014;1,56
15.06.2014;1,55
14.06.2014;1,54
13.06.2014;1,53
12.06.2014;1,53
11.06.2014;1,52
10.06.2014;1,53
09.06.2014;1,53
08.06.2014;1,53
07.06.2014;1,51
06.06.2014;1,53
05.06.2014;1,53
04.06.2014;1,53
03.06.2014;1,53
02.06.2014;1,54
01.06.2014;1,53
31.05.2014;1,53
30.05.2014;1,54
29.05.2014;1,53
28.05.2014;1,53
27.05.2014;1,53
26.05.2014;1,54
25.05.2014;1,53
24.05.2014;1,52
23.05.2014;1,52
22.05.2014;1,52
21.05.2014;1,52
20.05.2014;1,52
19.05.2014;1,53
18.05.2014;1,5
17.05.2014;1,5
16.05.2014;1,48
15.05.2014;1,49
14.05.2014;1,48
13.05.2014;1,48
02.05.2014;1,53
01.05.2014;1,51
30.04.2014;1,5
29.04.2014;1,51
28.04.2014;1,53
27.04.2014;1,51
26.04.2014;1,51
25.04.2014;1,5
24.04.2014;1,51
23.04.2014;1,55
22.04.2014;1,55
21.04.2014;1,55
20.04.2014;1,51
19.04.2014;1,55
18.04.2014;1,5
17.04.2014;1,5
16.04.2014;1,49
15.04.2014;1,49
14.04.2014;1,54
13.04.2014;1,49
12.04.2014;1,49
11.04.2014;1,49
10.04.2014;1,48
09.04.2014;1,48
08.04.2014;1,48
07.04.2014;1,52
05.04.2014;1,47
03.04.2014;1,47
02.04.2014;1,49
01.04.2014;1,5
31.03.2014;1,55
30.03.2014;1,55
29.03.2014;1,54
28.03.2014;1,52
27.03.2014;1,51
26.03.2014;1,51
25.03.2014;1,51
24.03.2014;1,51
23.03.2014;1,5
22.03.2014;1,5
21.03.2014;1,49
20.03.2014;1,49
19.03.2014;1,5
18.03.2014;1,5
17.03.2014;1,51
16.03.2014;1,5
15.03.2014;1,5
14.03.2014;1,5
13.03.2014;1,5
12.03.2014;1,5
11.03.2014;1,51
10.03.2014;1,52
09.03.2014;1,51
08.03.2014;1,51
07.03.2014;1,51
06.03.2014;1,51
05.03.2014;1,51
04.03.2014;1,52
03.03.2014;1,53
02.03.2014;1,52
01.03.2014;1,52
28.02.2014;1,52
27.02.2014;1,52
26.02.2014;1,52
25.02.2014;1,52
24.02.2014;1,53
23.02.2014;1,52
22.02.2014;1,52
21.02.2014;1,52
20.02.2014;1,52
19.02.2014;1,52
18.02.2014;1,52
17.02.2014;1,52
16.02.2014;1,52
15.02.2014;1,52
14.02.2014;1,52
13.02.2014;1,51
12.02.2014;1,51
11.02.2014;1,51
10.02.2014;1,51
09.02.2014;1,51
08.02.2014;1,51
07.02.2014;1,5
06.02.2014;1,5
05.02.2014;1,5
04.02.2014;1,51
03.02.2014;1,52
02.02.2014;1,51
01.02.2014;1,51
31.01.2014;1,51
30.01.2014;1,51
29.01.2014;1,5
28.01.2014;1,51
27.01.2014;1,52
26.01.2014;1,51
25.01.2014;1,49
24.01.2014;1,49
23.01.2014;1,5
22.01.2014;1,5
21.01.2014;1,5
20.01.2014;1,51
19.01.2014;1,5
18.01.2014;1,5
17.01.2014;1,5
16.01.2014;1,49
15.01.2014;1,5
14.01.2014;1,5
13.01.2014;1,52
12.01.2014;1,51
11.01.2014;1,51
10.01.2014;1,5
09.01.2014;1,5
08.01.2014;1,51
07.01.2014;1,51
06.01.2014;1,53
05.01.2014;1,52
04.01.2014;1,52
03.01.2014;1,53
02.01.2014;1,54
01.01.2014;1,53
31.12.2013;1,52
30.12.2013;1,53
29.12.2013;1,53
28.12.2013;1,52
27.12.2013;1,48
26.12.2013;1,53
25.12.2013;1,53
24.12.2013;1,53
23.12.2013;1,52
22.12.2013;1,5
21.12.2013;1,5
20.12.2013;1,49
19.12.2013;1,51
18.12.2013;1,51
17.12.2013;1,51
16.12.2013;1,52
15.12.2013;1,51
14.12.2013;1,51
13.12.2013;1,51
12.12.2013;1,52
11.12.2013;1,52
10.12.2013;1,52
09.12.2013;1,55
08.12.2013;1,55
07.12.2013;1,54
06.12.2013;1,54
05.12.2013;1,54
04.12.2013;1,54
03.12.2013;1,54
02.12.2013;1,56
01.12.2013;1,54
29.11.2013;1,54
27.11.2013;1,53
25.11.2013;1,53
24.11.2013;1,54
23.11.2013;1,53
22.11.2013;1,52
21.11.2013;1,52
20.11.2013;1,52
19.11.2013;1,52
18.11.2013;1,52
17.11.2013;1,53
16.11.2013;1,51
15.11.2013;1,51
14.11.2013;1,51
13.11.2013;1,5
12.11.2013;1,5
11.11.2013;1,49
10.11.2013;1,5
09.11.2013;1,5
08.11.2013;1,49
07.11.2013;1,49
06.11.2013;1,5
05.11.2013;1,5
04.11.2013;1,51
03.11.2013;1,5
02.11.2013;1,51
01.11.2013;1,5
31.10.2013;1,51
30.10.2013;1,51
29.10.2013;1,51
28.10.2013;1,5
27.10.2013;1,51
26.10.2013;1,51
25.10.2013;1,52
24.10.2013;1,52
23.10.2013;1,52
22.10.2013;1,53
21.10.2013;1,53
20.10.2013;1,53
19.10.2013;1,53
18.10.2013;1,53
17.10.2013;1,53
16.10.2013;1,53
15.10.2013;1,53
14.10.2013;1,53
13.10.2013;1,52
12.10.2013;1,52
11.10.2013;1,52
10.10.2013;1,53
09.10.2013;1,53
08.10.2013;1,53
07.10.2013;1,52
06.10.2013;1,53
05.10.2013;1,53
04.10.2013;1,54
03.10.2013;1,54
02.10.2013;1,54
01.10.2013;1,55
30.09.2013;1,53
29.09.2013;1,54
28.09.2013;1,53
27.09.2013;1,53
25.09.2013;1,55
24.09.2013;1,55
23.09.2013;1,54
22.09.2013;1,56
21.09.2013;1,56
20.09.2013;1,56
19.09.2013;1,56
18.09.2013;1,56
16.09.2013;1,56
15.09.2013;1,57
14.09.2013;1,57
13.09.2013;1,58
12.09.2013;1,58
11.09.2013;1,59
10.09.2013;1,59
09.09.2013;1,59
08.09.2013;1,6
07.09.2013;1,6
06.09.2013;1,6
05.09.2013;1,61
04.09.2013;1,61
03.09.2013;1,61
02.09.2013;1,6
01.09.2013;1,61
31.08.2013;1,6
30.08.2013;1,59
29.08.2013;1,59
28.08.2013;1,59
27.08.2013;1,59
26.08.2013;1,58
25.08.2013;1,59
24.08.2013;1,58
23.08.2013;1,58
22.08.2013;1,58
21.08.2013;1,59
20.08.2013;1,59
19.08.2013;1,57
18.08.2013;1,59
17.08.2013;1,59
16.08.2013;1,58
15.08.2013;1,58
14.08.2013;1,57
13.08.2013;1,57
12.08.2013;1,56
11.08.2013;1,57
10.08.2013;1,58
09.08.2013;1,59
08.08.2013;1,59
07.08.2013;1,59
06.08.2013;1,59
05.08.2013;1,59
04.08.2013;1,59
03.08.2013;1,59
02.08.2013;1,58
01.08.2013;1,58
31.07.2013;1,58
30.07.2013;1,58
29.07.2013;1,57
28.07.2013;1,58
27.07.2013;1,58
26.07.2013;1,59
25.07.2013;1,59
24.07.2013;1,6
23.07.2013;1,61
22.07.2013;1,6
21.07.2013;1,62
20.07.2013;1,61
19.07.2013;1,61
18.07.2013;1,6
17.07.2013;1,6
16.07.2013;1,6
15.07.2013;1,59
14.07.2013;1,6
13.07.2013;1,6
12.07.2013;1,59
11.07.2013;1,59
10.07.2013;1,57
09.07.2013;1,57
08.07.2013;1,56
07.07.2013;1,57
06.07.2013;1,56
05.07.2013;1,56
04.07.2013;1,55
03.07.2013;1,55
02.07.2013;1,55
01.07.2013;1,55
30.06.2013;1,55
29.06.2013;1,55
28.06.2013;1,55
27.06.2013;1,55
26.06.2013;1,55
25.06.2013;1,56
24.06.2013;1,54
23.06.2013;1,56
22.06.2013;1,57
21.06.2013;1,57
20.06.2013;1,56
19.06.2013;1,57
18.06.2013;1,56
17.06.2013;1,54
16.06.2013;1,56
15.06.2013;1,56
14.06.2013;1,55
13.06.2013;1,56
12.06.2013;1,56
11.06.2013;1,56
10.06.2013;1,55
09.06.2013;1,57
08.06.2013;1,57
07.06.2013;1,57
06.06.2013;1,56
05.06.2013;1,57
04.06.2013;1,57
02.06.2013;1,57
01.06.2013;1,57
31.05.2013;1,56
30.05.2013;1,56
29.05.2013;1,55
28.05.2013;1,57
27.05.2013;1,56
26.05.2013;1,57
25.05.2013;1,58
24.05.2013;1,58
23.05.2013;1,58
22.05.2013;1,58
21.05.2013;1,59
20.05.2013;1,57
19.05.2013;1,57
18.05.2013;1,56
17.05.2013;1,56
16.05.2013;1,55
15.05.2013;1,55
14.05.2013;1,55
13.05.2013;1,54
12.05.2013;1,54
11.05.2013;1,55
10.05.2013;1,56
09.05.2013;1,55
08.05.2013;1,55
07.05.2013;1,55
06.05.2013;1,54
05.05.2013;1,55
04.05.2013;1,55
02.05.2013;1,57
01.05.2013;1,57
30.04.2013;1,56
29.04.2013;1,55
28.04.2013;1,56
27.04.2013;1,56
26.04.2013;1,56
25.04.2013;1,56
24.04.2013;1,56
23.04.2013;1,56
22.04.2013;1,54
21.04.2013;1,56
20.04.2013;1,56
19.04.2013;1,56
18.04.2013;1,57
17.04.2013;1,56
16.04.2013;1,57
15.04.2013;1,56
14.04.2013;1,57
13.04.2013;1,57
12.04.2013;1,56
11.04.2013;1,58
10.04.2013;1,58
09.04.2013;1,59
08.04.2013;1,58
07.04.2013;1,6
06.04.2013;1,61
05.04.2013;1,62
04.04.2013;1,62
03.04.2013;1,63
02.04.2013;1,63
01.04.2013;1,61
31.03.2013;1,61
30.03.2013;1,63
29.03.2013;1,61
28.03.2013;1,59
27.03.2013;1,6
26.03.2013;1,59
25.03.2013;1,58
24.03.2013;1,59
23.03.2013;1,58
22.03.2013;1,57
21.03.2013;1,57
20.03.2013;1,56
19.03.2013;1,55
18.03.2013;1,53
17.03.2013;1,55
16.03.2013;1,53
15.03.2013;1,53
13.03.2013;1,53
12.03.2013;1,53
11.03.2013;1,52
10.03.2013;1,53
09.03.2013;1,55
08.03.2013;1,54
07.03.2013;1,54
06.03.2013;1,54
05.03.2013;1,55
04.03.2013;1,54
03.03.2013;1,56
02.03.2013;1,56
01.03.2013;1,57
28.02.2013;1,57
27.02.2013;1,57
26.02.2013;1,58
25.02.2013;1,57
24.02.2013;1,59
23.02.2013;1,61
22.02.2013;1,62
21.02.2013;1,62
20.02.2013;1,62
19.02.2013;1,62
18.02.2013;1,59
17.02.2013;1,62
16.02.2013;1,61
15.02.2013;1,62
14.02.2013;1,61
13.02.2013;1,6
12.02.2013;1,6
11.02.2013;1,58
10.02.2013;1,6
09.02.2013;1,59
08.02.2013;1,59
07.02.2013;1,58
06.02.2013;1,59
05.02.2013;1,59
04.02.2013;1,56
03.02.2013;1,59
01.02.2013;1,57
31.01.2013;1,57
30.01.2013;1,56
29.01.2013;1,57
28.01.2013;1,55
27.01.2013;1,55
26.01.2013;1,56
25.01.2013;1,57
24.01.2013;1,56
23.01.2013;1,56
22.01.2013;1,55
21.01.2013;1,53
20.01.2013;1,55
19.01.2013;1,55
18.01.2013;1,55
17.01.2013;1,56
16.01.2013;1,56
15.01.2013;1,57
14.01.2013;1,55
13.01.2013;1,58
12.01.2013;1,56
11.01.2013;1,53
10.01.2013;1,56
09.01.2013;1,57
08.01.2013;1,56
07.01.2013;1,54
06.01.2013;1,56
05.01.2013;1,56
04.01.2013;1,56
03.01.2013;1,56
02.01.2013;1,54
01.01.2013;1,55
31.12.2012;1,53
30.12.2012;1,55
29.12.2012;1,54
28.12.2012;1,54
27.12.2012;1,55
26.12.2012;1,53
25.12.2012;1,54
24.12.2012;1,53
23.12.2012;1,54
22.12.2012;1,55
21.12.2012;1,54
20.12.2012;1,54
19.12.2012;1,54
18.12.2012;1,55
17.12.2012;1,53
16.12.2012;1,56
15.12.2012;1,54
14.12.2012;1,55
13.12.2012;1,54
12.12.2012;1,54
11.12.2012;1,54
10.12.2012;1,53
09.12.2012;1,55
08.12.2012;1,56
07.12.2012;1,56
06.12.2012;1,57
05.12.2012;1,57
04.12.2012;1,58
03.12.2012;1,56
02.12.2012;1,57
01.12.2012;1,56
30.11.2012;1,57
29.11.2012;1,56
28.11.2012;1,58
27.11.2012;1,58
26.11.2012;1,56
25.11.2012;1,59
24.11.2012;1,59
23.11.2012;1,6
22.11.2012;1,6
21.11.2012;1,59
20.11.2012;1,59
19.11.2012;1,56
18.11.2012;1,59
17.11.2012;1,58
16.11.2012;1,57
15.11.2012;1,57
14.11.2012;1,55
13.11.2012;1,57
12.11.2012;1,55
11.11.2012;1,57
10.11.2012;1,57
09.11.2012;1,57
08.11.2012;1,56
07.11.2012;1,56
06.11.2012;1,56
05.11.2012;1,54
04.11.2012;1,56
03.11.2012;1,56
02.11.2012;1,57
01.11.2012;1,56
31.10.2012;1,57
30.10.2012;1,57
29.10.2012;1,55
28.10.2012;1,57
27.10.2012;1,57
26.10.2012;1,57
25.10.2012;1,56
24.10.2012;1,58
23.10.2012;1,6
22.10.2012;1,6
21.10.2012;1,6
20.10.2012;1,61
19.10.2012;1,6
18.10.2012;1,6
17.10.2012;1,61
16.10.2012;1,61
15.10.2012;1,61
14.10.2012;1,62
13.10.2012;1,64
12.10.2012;1,65
11.10.2012;1,65
10.10.2012;1,63
09.10.2012;1,66
08.10.2012;1,65
07.10.2012;1,66
06.10.2012;1,65
05.10.2012;1,66
04.10.2012;1,67
03.10.2012;1,66
02.10.2012;1,65
01.10.2012;1,64
30.09.2012;1,65
29.09.2012;1,66
28.09.2012;1,66
27.09.2012;1,66
26.09.2012;1,66
25.09.2012;1,67
24.09.2012;1,66
23.09.2012;1,67
22.09.2012;1,66
21.09.2012;1,68
20.09.2012;1,67
19.09.2012;1,68
18.09.2012;1,68
17.09.2012;1,67
16.09.2012;1,69
15.09.2012;1,7
14.09.2012;1,72
13.09.2012;1,72
12.09.2012;1,72
11.09.2012;1,72
10.09.2012;1,7
09.09.2012;1,71
08.09.2012;1,71
07.09.2012;1,71
06.09.2012;1,71
05.09.2012;1,69
04.09.2012;1,69
03.09.2012;1,68
02.09.2012;1,69
01.09.2012;1,69
31.08.2012;1,69
30.08.2012;1,7
29.08.2012;1,7
28.08.2012;1,69
27.08.2012;1,68
26.08.2012;1,7
25.08.2012;1,71
24.08.2012;1,71
23.08.2012;1,71
22.08.2012;1,71
21.08.2012;1,71
20.08.2012;1,69
19.08.2012;1,7
18.08.2012;1,69
17.08.2012;1,68
16.08.2012;1,66
15.08.2012;1,67
14.08.2012;1,66
13.08.2012;1,64
12.08.2012;1,66
11.08.2012;1,64
10.08.2012;1,64
09.08.2012;1,64
08.08.2012;1,63
07.08.2012;1,64
06.08.2012;1,62
05.08.2012;1,64
04.08.2012;1,63
03.08.2012;1,63
02.08.2012;1,62
01.08.2012;1,62
31.07.2012;1,6
30.07.2012;1,61
29.07.2012;1,61
28.07.2012;1,62
27.07.2012;1,61
26.07.2012;1,62
25.07.2012;1,62
24.07.2012;1,62
23.07.2012;1,61
22.07.2012;1,63
21.07.2012;1,63
20.07.2012;1,62
19.07.2012;1,61
18.07.2012;1,61
17.07.2012;1,6
16.07.2012;1,58
15.07.2012;1,59
14.07.2012;1,6
13.07.2012;1,59
12.07.2012;1,59
11.07.2012;1,59
10.07.2012;1,61
09.07.2012;1,59
08.07.2012;1,61
07.07.2012;1,59
06.07.2012;1,58
05.07.2012;1,57
04.07.2012;1,56
03.07.2012;1,56
02.07.2012;1,54
01.07.2012;1,56
30.06.2012;1,56
29.06.2012;1,55
28.06.2012;1,55
27.06.2012;1,54
26.06.2012;1,54
25.06.2012;1,53
24.06.2012;1,55
23.06.2012;1,55
22.06.2012;1,56
21.06.2012;1,56
20.06.2012;1,56
19.06.2012;1,56
18.06.2012;1,55
17.06.2012;1,57
16.06.2012;1,55
15.06.2012;1,55
14.06.2012;1,56
13.06.2012;1,57
12.06.2012;1,57
11.06.2012;1,56
10.06.2012;1,58
09.06.2012;1,58
08.06.2012;1,59
07.06.2012;1,58
06.06.2012;1,59
05.06.2012;1,59
04.06.2012;1,58
03.06.2012;1,6
02.06.2012;1,61
01.06.2012;1,61
31.05.2012;1,61
30.05.2012;1,61
29.05.2012;1,61
28.05.2012;1,6
27.05.2012;1,61
26.05.2012;1,61
25.05.2012;1,6
24.05.2012;1,59
23.05.2012;1,59
22.05.2012;1,59
21.05.2012;1,57
20.05.2012;1,59
19.05.2012;1,6
18.05.2012;1,6
17.05.2012;1,6
16.05.2012;1,6
15.05.2012;1,62
14.05.2012;1,61
13.05.2012;1,63
12.05.2012;1,62
11.05.2012;1,62
10.05.2012;1,62
09.05.2012;1,62
08.05.2012;1,63
07.05.2012;1,62
06.05.2012;1,64
05.05.2012;1,64
04.05.2012;1,64
03.05.2012;1,64
02.05.2012;1,65
01.05.2012;1,65
30.04.2012;1,64
29.04.2012;1,64
28.04.2012;1,64
27.04.2012;1,65
26.04.2012;1,65
25.04.2012;1,66
24.04.2012;1,67
23.04.2012;1,68
22.04.2012;1,68
21.04.2012;1,68
20.04.2012;1,68
19.04.2012;1,68
18.04.2012;1,68
17.04.2012;1,68
16.04.2012;1,67
15.04.2012;1,67
14.04.2012;1,67
13.04.2012;1,67
12.04.2012;1,67
11.04.2012;1,68
10.04.2012;1,68
09.04.2012;1,66
08.04.2012;1,67
07.04.2012;1,68
06.04.2012;1,68
05.04.2012;1,67
04.04.2012;1,68
03.04.2012;1,67
02.04.2012;1,67
01.04.2012;1,68
31.03.2012;1,68
30.03.2012;1,68
29.03.2012;1,67
28.03.2012;1,67
27.03.2012;1,65
26.03.2012;1,65
25.03.2012;1,66
24.03.2012;1,66
23.03.2012;1,66
22.03.2012;1,67
21.03.2012;1,67
20.03.2012;1,66
19.03.2012;1,65
18.03.2012;1,66
17.03.2012;1,66
16.03.2012;1,66
15.03.2012;1,66
14.03.2012;1,66
13.03.2012;1,66
12.03.2012;1,64
11.03.2012;1,66
10.03.2012;1,65
09.03.2012;1,63
08.03.2012;1,65
07.03.2012;1,65
06.03.2012;1,65
05.03.2012;1,64
04.03.2012;1,65
03.03.2012;1,65
02.03.2012;1,65
01.03.2012;1,65
29.02.2012;1,65
28.02.2012;1,64
27.02.2012;1,62
26.02.2012;1,63
25.02.2012;1,6
24.02.2012;1,61
23.02.2012;1,64
22.02.2012;1,64
21.02.2012;1,63
20.02.2012;1,62
19.02.2012;1,63
18.02.2012;1,62
17.02.2012;1,61
16.02.2012;1,6
15.02.2012;1,59
14.02.2012;1,58
13.02.2012;1,58
12.02.2012;1,59
11.02.2012;1,59
10.02.2012;1,58
09.02.2012;1,59
08.02.2012;1,58
07.02.2012;1,55
06.02.2012;1,54
05.02.2012;1,55
04.02.2012;1,56
03.02.2012;1,55
02.02.2012;1,56
01.02.2012;1,57
31.01.2012;1,56
30.01.2012;1,55
29.01.2012;1,56
28.01.2012;1,55
27.01.2012;1,54
26.01.2012;1,55
25.01.2012;1,56
24.01.2012;1,56
23.01.2012;1,55
22.01.2012;1,56
21.01.2012;1,56
20.01.2012;1,55
19.01.2012;1,55
18.01.2012;1,55
17.01.2012;1,55
16.01.2012;1,54
15.01.2012;1,55
14.01.2012;1,56
13.01.2012;1,56
12.01.2012;1,56
11.01.2012;1,56
10.01.2012;1,56
09.01.2012;1,55
08.01.2012;1,56
07.01.2012;1,55
06.01.2012;1,54
05.01.2012;1,53
04.01.2012;1,53
03.01.2012;1,53
02.01.2012;1,52
01.01.2012;1,54
31.12.2011;1,54
30.12.2011;1,54
29.12.2011;1,54
28.12.2011;1,54
27.12.2011;1,52
26.12.2011;1,51
25.12.2011;1,53
24.12.2011;1,51
23.12.2011;1,5
22.12.2011;1,5
21.12.2011;1,5
20.12.2011;1,5
19.12.2011;1,5
18.12.2011;1,51
17.12.2011;1,47
16.12.2011;1,5
15.12.2011;1,5
13.12.2011;1,51
12.12.2011;1,5
11.12.2011;1,53
10.12.2011;1,52
09.12.2011;1,52
08.12.2011;1,52
07.12.2011;1,52
06.12.2011;1,51
05.12.2011;1,49
04.12.2011;1,52
03.12.2011;1,52
02.12.2011;1,53
01.12.2011;1,53
30.11.2011;1,48
29.11.2011;1,47
28.11.2011;1,46
27.11.2011;1,51
26.11.2011;1,51
25.11.2011;1,51
24.11.2011;1,52
23.11.2011;1,52
22.11.2011;1,48
21.11.2011;1,48
20.11.2011;1,52
19.11.2011;1,53
18.11.2011;1,53
17.11.2011;1,53
16.11.2011;1,54
15.11.2011;1,5
14.11.2011;1,49
13.11.2011;1,55
12.11.2011;1,56
10.11.2011;1,54
08.11.2011;1,49
07.11.2011;1,49
06.11.2011;1,53
05.11.2011;1,54
04.11.2011;1,53
03.11.2011;1,51
02.11.2011;1,54
31.10.2011;1,49
30.10.2011;1,55
29.10.2011;1,55
28.10.2011;1,53
27.10.2011;1,53
26.10.2011;1,55
24.10.2011;1,5
23.10.2011;1,54
22.10.2011;1,55
20.10.2011;1,55
19.10.2011;1,56
18.10.2011;1,51
17.10.2011;1,51
16.10.2011;1,55
15.10.2011;1,55
14.10.2011;1,55
12.10.2011;1,55
11.10.2011;1,5
10.10.2011;1,5
09.10.2011;1,54
08.10.2011;1,54
07.10.2011;1,51
06.10.2011;1,52
05.10.2011;1,49
04.10.2011;1,5
03.10.2011;1,49
02.10.2011;1,53
01.10.2011;1,54
30.09.2011;1,54
29.09.2011;1,54
28.09.2011;1,55
27.09.2011;1,5
26.09.2011;1,5
25.09.2011;1,53
24.09.2011;1,57
23.09.2011;1,57
21.09.2011;1,57
20.09.2011;1,53
19.09.2011;1,53
18.09.2011;1,57
17.09.2011;1,58
16.09.2011;1,56
15.09.2011;1,56
14.09.2011;1,58
13.09.2011;1,54
12.09.2011;1,53
11.09.2011;1,57
10.09.2011;1,58
08.09.2011;1,56
07.09.2011;1,56
06.09.2011;1,52
05.09.2011;1,51
04.09.2011;1,54
03.09.2011;1,54
01.09.2011;1,53
31.08.2011;1,53
30.08.2011;1,49
29.08.2011;1,49
28.08.2011;1,52
27.08.2011;1,52
26.08.2011;1,51
25.08.2011;1,49
24.08.2011;1,5
23.08.2011;1,48
22.08.2011;1,48
21.08.2011;1,49
20.08.2011;1,51
19.08.2011;1,52
18.08.2011;1,51
17.08.2011;1,51
16.08.2011;1,48
15.08.2011;1,48
14.08.2011;1,51
13.08.2011;1,51
12.08.2011;1,51
11.08.2011;1,52
10.08.2011;1,52
09.08.2011;1,51
08.08.2011;1,52
07.08.2011;1,53
06.08.2011;1,56
05.08.2011;1,58
04.08.2011;1,58
03.08.2011;1,59
02.08.2011;1,53
01.08.2011;1,53
31.07.2011;1,58
30.07.2011;1,58
29.07.2011;1,58
28.07.2011;1,58
27.07.2011;1,57
26.07.2011;1,53
25.07.2011;1,54
24.07.2011;1,58
23.07.2011;1,58
22.07.2011;1,58
21.07.2011;1,58
20.07.2011;1,57
19.07.2011;1,54
18.07.2011;1,54
17.07.2011;1,57
16.07.2011;1,58
15.07.2011;1,58
14.07.2011;1,56
13.07.2011;1,56
12.07.2011;1,52
11.07.2011;1,52
10.07.2011;1,55
09.07.2011;1,55
08.07.2011;1,53
07.07.2011;1,53
06.07.2011;1,53
05.07.2011;1,48
04.07.2011;1,49
03.07.2011;1,53
02.07.2011;1,53
01.07.2011;1,52
30.06.2011;1,5
29.06.2011;1,51
28.06.2011;1,47
27.06.2011;1,49
26.06.2011;1,51
25.06.2011;1,51
24.06.2011;1,54
23.06.2011;1,54
22.06.2011;1,54
21.06.2011;1,51
20.06.2011;1,52
19.06.2011;1,54
18.06.2011;1,56
17.06.2011;1,55
16.06.2011;1,56
15.06.2011;1,52
14.06.2011;1,52
13.06.2011;1,52
12.06.2011;1,54
11.06.2011;1,54
10.06.2011;1,53
09.06.2011;1,54
08.06.2011;1,54
07.06.2011;1,52
06.06.2011;1,52
05.06.2011;1,55
04.06.2011;1,56
03.06.2011;1,57
02.06.2011;1,57
01.06.2011;1,55
31.05.2011;1,53
30.05.2011;1,53
29.05.2011;1,54
28.05.2011;1,56
27.05.2011;1,56
26.05.2011;1,55
25.05.2011;1,56
24.05.2011;1,53
23.05.2011;1,54
22.05.2011;1,56
21.05.2011;1,58
20.05.2011;1,57
19.05.2011;1,57
18.05.2011;1,57
17.05.2011;1,56
16.05.2011;1,56
15.05.2011;1,58
14.05.2011;1,61
13.05.2011;1,6
12.05.2011;1,59
11.05.2011;1,58
10.05.2011;1,55
09.05.2011;1,55
08.05.2011;1,58
07.05.2011;1,61
06.05.2011;1,62
05.05.2011;1,62
04.05.2011;1,61
03.05.2011;1,58
02.05.2011;1,58
01.05.2011;1,61
30.04.2011;1,61
29.04.2011;1,6
28.04.2011;1,59
27.04.2011;1,55
26.04.2011;1,55
25.04.2011;1,54
24.04.2011;1,57
23.04.2011;1,59
22.04.2011;1,59
21.04.2011;1,59
20.04.2011;1,58
19.04.2011;1,55
18.04.2011;1,55
17.04.2011;1,58
16.04.2011;1,59
15.04.2011;1,59
14.04.2011;1,59
13.04.2011;1,59
12.04.2011;1,55
11.04.2011;1,54
10.04.2011;1,57
09.04.2011;1,57
08.04.2011;1,57
07.04.2011;1,57
06.04.2011;1,57
05.04.2011;1,52
04.04.2011;1,52
03.04.2011;1,54
02.04.2011;1,55
01.04.2011;1,53
31.03.2011;1,54
30.03.2011;1,53
29.03.2011;1,5
28.03.2011;1,5
27.03.2011;1,53
25.03.2011;1,52
24.03.2011;1,51
23.03.2011;1,52
22.03.2011;1,49
21.03.2011;1,48
20.03.2011;1,5
19.03.2011;1,51
18.03.2011;1,52
17.03.2011;1,52
16.03.2011;1,53
15.03.2011;1,51
14.03.2011;1,5
13.03.2011;1,53
12.03.2011;1,54
11.03.2011;1,54
10.03.2011;1,55
09.03.2011;1,55
08.03.2011;1,52
07.03.2011;1,51
06.03.2011;1,53
05.03.2011;1,54
04.03.2011;1,53
03.03.2011;1,53
02.03.2011;1,53
01.03.2011;1,5
28.02.2011;1,5
27.02.2011;1,53
26.02.2011;1,54
25.02.2011;1,51
24.02.2011;1,5
23.02.2011;1,49
22.02.2011;1,46
21.02.2011;1,45
20.02.2011;1,48
19.02.2011;1,48
18.02.2011;1,47
17.02.2011;1,48
16.02.2011;1,48
15.02.2011;1,47
14.02.2011;1,44
13.02.2011;1,46
12.02.2011;1,47
11.02.2011;1,47
10.02.2011;1,47
09.02.2011;1,48
08.02.2011;1,48
07.02.2011;1,45
06.02.2011;1,47
05.02.2011;1,49
04.02.2011;1,46
03.02.2011;1,47
02.02.2011;1,47
01.02.2011;1,45
31.01.2011;1,45
30.01.2011;1,47
29.01.2011;1,48
28.01.2011;1,48
27.01.2011;1,47
26.01.2011;1,5
25.01.2011;1,47
24.01.2011;1,47
23.01.2011;1,5
22.01.2011;1,51
21.01.2011;1,51
20.01.2011;1,51
19.01.2011;1,52
18.01.2011;1,51
17.01.2011;1,47
16.01.2011;1,51
15.01.2011;1,52
14.01.2011;1,51
13.01.2011;1,51
12.01.2011;1,51
11.01.2011;1,5
10.01.2011;1,46
09.01.2011;1,48
08.01.2011;1,49
07.01.2011;1,47
06.01.2011;1,48
05.01.2011;1,48
04.01.2011;1,49
03.01.2011;1,46
02.01.2011;1,47
01.01.2011;1,49
31.12.2010;1,49
30.12.2010;1,49
29.12.2010;1,48
28.12.2010;1,49
27.12.2010;1,46
26.12.2010;1,47
25.12.2010;1,49
24.12.2010;1,49
23.12.2010;1,49
22.12.2010;1,48
21.12.2010;1,48
20.12.2010;1,45
19.12.2010;1,47
18.12.2010;1,48
17.12.2010;1,48
15.12.2010;1,48
14.12.2010;1,46
13.12.2010;1,45
12.12.2010;1,48
11.12.2010;1,49
10.12.2010;1,48
09.12.2010;1,48
08.12.2010;1,47
07.12.2010;1,45
06.12.2010;1,44
05.12.2010;1,47
04.12.2010;1,48
03.12.2010;1,46
02.12.2010;1,46
01.12.2010;1,44
30.11.2010;1,42
29.11.2010;1,41
28.11.2010;1,43
27.11.2010;1,44
26.11.2010;1,42
25.11.2010;1,41
24.11.2010;1,41
23.11.2010;1,39
22.11.2010;1,39
21.11.2010;1,42
20.11.2010;1,42
19.11.2010;1,41
18.11.2010;1,42
17.11.2010;1,42
16.11.2010;1,44
15.11.2010;1,39
14.11.2010;1,42
13.11.2010;1,44
12.11.2010;1,41
11.11.2010;1,41
10.11.2010;1,4
09.11.2010;1,39
08.11.2010;1,38
07.11.2010;1,4
06.11.2010;1,41
05.11.2010;1,41
04.11.2010;1,4
03.11.2010;1,4
02.11.2010;1,37
01.11.2010;1,38
31.10.2010;1,4
30.10.2010;1,41
29.10.2010;1,41
28.10.2010;1,4
27.10.2010;1,4
26.10.2010;1,41
25.10.2010;1,37
24.10.2010;1,39
23.10.2010;1,41
22.10.2010;1,4
21.10.2010;1,41
20.10.2010;1,38
19.10.2010;1,38
18.10.2010;1,37
17.10.2010;1,39
16.10.2010;1,42
15.10.2010;1,41
14.10.2010;1,41
13.10.2010;1,39
12.10.2010;1,38
11.10.2010;1,37
10.10.2010;1,39
09.10.2010;1,41
08.10.2010;1,4
07.10.2010;1,38
06.10.2010;1,37
05.10.2010;1,36
04.10.2010;1,35
03.10.2010;1,37
02.10.2010;1,39
01.10.2010;1,38
30.09.2010;1,38
29.09.2010;1,37
28.09.2010;1,35
27.09.2010;1,34
26.09.2010;1,35
25.09.2010;1,39
24.09.2010;1,4
23.09.2010;1,4
22.09.2010;1,39
21.09.2010;1,37
20.09.2010;1,37
19.09.2010;1,4
18.09.2010;1,42
17.09.2010;1,42
16.09.2010;1,42
15.09.2010;1,42
13.09.2010;1,38
12.09.2010;1,39
11.09.2010;1,4
10.09.2010;1,41
09.09.2010;1,39
08.09.2010;1,38
07.09.2010;1,37
06.09.2010;1,37
05.09.2010;1,38
04.09.2010;1,4
03.09.2010;1,4
02.09.2010;1,4
01.09.2010;1,39
31.08.2010;1,37
30.08.2010;1,36
29.08.2010;1,37
28.08.2010;1,39
27.08.2010;1,39
26.08.2010;1,4
25.08.2010;1,38
24.08.2010;1,39
23.08.2010;1,39
22.08.2010;1,39
21.08.2010;1,39
20.08.2010;1,39
19.08.2010;1,39
18.08.2010;1,39
17.08.2010;1,38
16.08.2010;1,37
15.08.2010;1,39
14.08.2010;1,4
13.08.2010;1,41
12.08.2010;1,41
11.08.2010;1,39
10.08.2010;1,4
09.08.2010;1,39
08.08.2010;1,4
07.08.2010;1,4
06.08.2010;1,42
05.08.2010;1,43
04.08.2010;1,4
03.08.2010;1,38
02.08.2010;1,36
01.08.2010;1,38
31.07.2010;1,41
30.07.2010;1,38
29.07.2010;1,41
28.07.2010;1,39
27.07.2010;1,4
26.07.2010;1,38
25.07.2010;1,39
24.07.2010;1,4
23.07.2010;1,42
22.07.2010;1,39
21.07.2010;1,38
20.07.2010;1,39
19.07.2010;1,38
18.07.2010;1,4
17.07.2010;1,39
16.07.2010;1,4
15.07.2010;1,42
14.07.2010;1,39
13.07.2010;1,41
09.07.2010;1,41
08.07.2010;1,4
07.07.2010;1,41
06.07.2010;1,38
05.07.2010;1,39
04.07.2010;1,41
03.07.2010;1,44
02.07.2010;1,45
01.07.2010;1,45
30.06.2010;1,43
29.06.2010;1,43
28.06.2010;1,4
27.06.2010;1,41
26.06.2010;1,43
25.06.2010;1,45
24.06.2010;1,45
23.06.2010;1,44
22.06.2010;1,43
21.06.2010;1,4
20.06.2010;1,44
19.06.2010;1,46
18.06.2010;1,41
16.06.2010;1,43
15.06.2010;1,43
14.06.2010;1,4
13.06.2010;1,42
12.06.2010;1,43
11.06.2010;1,44
10.06.2010;1,44
09.06.2010;1,42
08.06.2010;1,43
07.06.2010;1,4
06.06.2010;1,43
05.06.2010;1,42
04.06.2010;1,42
03.06.2010;1,44
02.06.2010;1,42
01.06.2010;1,42
31.05.2010;1,38
30.05.2010;1,41
29.05.2010;1,43
28.05.2010;1,41
27.05.2010;1,41
26.05.2010;1,4
25.05.2010;1,37
24.05.2010;1,38
23.05.2010;1,41
22.05.2010;1,41
21.05.2010;1,42
20.05.2010;1,44
19.05.2010;1,43
18.05.2010;1,44
17.05.2010;1,42
16.05.2010;1,45
15.05.2010;1,44
14.05.2010;1,45
13.05.2010;1,45
12.05.2010;1,43
11.05.2010;1,43
10.05.2010;1,41
09.05.2010;1,44
08.05.2010;1,44
07.05.2010;1,46
06.05.2010;1,46
05.05.2010;1,45
04.05.2010;1,45
03.05.2010;1,43
02.05.2010;1,45
01.05.2010;1,47
30.04.2010;1,46
29.04.2010;1,44
28.04.2010;1,45
27.04.2010;1,44
26.04.2010;1,41
25.04.2010;1,43
24.04.2010;1,44
23.04.2010;1,46
22.04.2010;1,44
21.04.2010;1,43
20.04.2010;1,43
19.04.2010;1,39
18.04.2010;1,41
17.04.2010;1,44
16.04.2010;1,44
15.04.2010;1,45
14.04.2010;1,44
13.04.2010;1,44
12.04.2010;1,42
11.04.2010;1,44
10.04.2010;1,47
09.04.2010;1,45
08.04.2010;1,45
07.04.2010;1,42
06.04.2010;1,4
05.04.2010;1,41
04.04.2010;1,42
03.04.2010;1,46
02.04.2010;1,45
01.04.2010;1,45
31.03.2010;1,43
30.03.2010;1,43
29.03.2010;1,39
28.03.2010;1,41
27.03.2010;1,43
26.03.2010;1,44
25.03.2010;1,43
24.03.2010;1,43
23.03.2010;1,42
22.03.2010;1,39
21.03.2010;1,41
20.03.2010;1,44
19.03.2010;1,45
18.03.2010;1,44
17.03.2010;1,43
16.03.2010;1,43
15.03.2010;1,4
14.03.2010;1,41
13.03.2010;1,45
12.03.2010;1,45
11.03.2010;1,41
10.03.2010;1,4
09.03.2010;1,38
08.03.2010;1,37
07.03.2010;1,38
06.03.2010;1,41
05.03.2010;1,4
04.03.2010;1,35
03.03.2010;1,35
02.03.2010;1,33
01.03.2010;1,34
28.02.2010;1,37
27.02.2010;1,39
26.02.2010;1,39
25.02.2010;1,39
24.02.2010;1,38
23.02.2010;1,36
22.02.2010;1,35
21.02.2010;1,38
20.02.2010;1,38
19.02.2010;1,36
18.02.2010;1,34
17.02.2010;1,33
16.02.2010;1,3
15.02.2010;1,3
14.02.2010;1,34
13.02.2010;1,36
12.02.2010;1,36
11.02.2010;1,36
10.02.2010;1,33
09.02.2010;1,34
08.02.2010;1,33
07.02.2010;1,35
06.02.2010;1,38
05.02.2010;1,38
04.02.2010;1,37
03.02.2010;1,35
02.02.2010;1,34
01.02.2010;1,33
31.01.2010;1,37
30.01.2010;1,37
29.01.2010;1,36
28.01.2010;1,36
27.01.2010;1,36
26.01.2010;1,34
25.01.2010;1,34
24.01.2010;1,36
23.01.2010;1,38
22.01.2010;1,38
21.01.2010;1,37
20.01.2010;1,37
19.01.2010;1,35
18.01.2010;1,35
17.01.2010;1,37
16.01.2010;1,38
15.01.2010;1,39
14.01.2010;1,39
13.01.2010;1,39
12.01.2010;1,35
11.01.2010;1,35
10.01.2010;1,38
09.01.2010;1,37
08.01.2010;1,36
07.01.2010;1,36
06.01.2010;1,34
05.01.2010;1,32
04.01.2010;1,31
03.01.2010;1,32
02.01.2010;1,33
01.01.2010;1,35
31.12.2009;1,36
30.12.2009;1,33
29.12.2009;1,31
28.12.2009;1,29
27.12.2009;1,31
26.12.2009;1,31
25.12.2009;1,33
24.12.2009;1,33
23.12.2009;1,33
22.12.2009;1,29
21.12.2009;1,29
20.12.2009;1,32
19.12.2009;1,33
18.12.2009;1,31
17.12.2009;1,31
16.12.2009;1,29
15.12.2009;1,28
14.12.2009;1,28
13.12.2009;1,3
12.12.2009;1,33
11.12.2009;1,33
10.12.2009;1,34
09.12.2009;1,32
08.12.2009;1,32
07.12.2009;1,31
06.12.2009;1,33
05.12.2009;1,35
04.12.2009;1,34
03.12.2009;1,34
02.12.2009;1,33
01.12.2009;1,31
30.11.2009;1,29
29.11.2009;1,31
28.11.2009;1,34
27.11.2009;1,34
26.11.2009;1,34
25.11.2009;1,33
24.11.2009;1,33
23.11.2009;1,31
22.11.2009;1,34
21.11.2009;1,34
20.11.2009;1,34
19.11.2009;1,34
18.11.2009;1,34
17.11.2009;1,31
16.11.2009;1,31
15.11.2009;1,33
14.11.2009;1,34
13.11.2009;1,34
12.11.2009;1,34
11.11.2009;1,34
10.11.2009;1,32
09.11.2009;1,33
08.11.2009;1,35
07.11.2009;1,36
06.11.2009;1,35
05.11.2009;1,35
04.11.2009;1,35
03.11.2009;1,32
02.11.2009;1,33
01.11.2009;1,35
31.10.2009;1,36
30.10.2009;1,34
29.10.2009;1,34
28.10.2009;1,33
27.10.2009;1,31
26.10.2009;1,3
25.10.2009;1,31
24.10.2009;1,34
23.10.2009;1,33
22.10.2009;1,31
21.10.2009;1,33
20.10.2009;1,29
19.10.2009;1,3
18.10.2009;1,31
17.10.2009;1,32
16.10.2009;1,31
15.10.2009;1,31
14.10.2009;1,3
13.10.2009;1,27
12.10.2009;1,26
11.10.2009;1,28
10.10.2009;1,29
09.10.2009;1,29
08.10.2009;1,29
07.10.2009;1,29
06.10.2009;1,29
05.10.2009;1,3
04.10.2009;1,31
03.10.2009;1,32
02.10.2009;1,28
01.10.2009;1,27
30.09.2009;1,27
29.09.2009;1,26
28.09.2009;1,27
27.09.2009;1,28
26.09.2009;1,31
25.09.2009;1,31
24.09.2009;1,29
23.09.2009;1,29
22.09.2009;1,28
21.09.2009;1,29
20.09.2009;1,3
19.09.2009;1,3
18.09.2009;1,28
17.09.2009;1,29
16.09.2009;1,28
15.09.2009;1,29
14.09.2009;1,29
13.09.2009;1,31
12.09.2009;1,33
11.09.2009;1,32
10.09.2009;1,31
09.09.2009;1,32
08.09.2009;1,3
07.09.2009;1,3
06.09.2009;1,31
05.09.2009;1,33
04.09.2009;1,32
03.09.2009;1,33
02.09.2009;1,33
01.09.2009;1,31
31.08.2009;1,3
30.08.2009;1,32
29.08.2009;1,35
28.08.2009;1,36
27.08.2009;1,36
26.08.2009;1,35
25.08.2009;1,32
24.08.2009;1,33
23.08.2009;1,35
22.08.2009;1,36
21.08.2009;1,33
20.08.2009;1,35
19.08.2009;1,34
18.08.2009;1,34
17.08.2009;1,35
16.08.2009;1,36
15.08.2009;1,37
14.08.2009;1,34
13.08.2009;1,36
12.08.2009;1,35
11.08.2009;1,33
10.08.2009;1,32
09.08.2009;1,34
08.08.2009;1,36
07.08.2009;1,33
06.08.2009;1,36
05.08.2009;1,34
04.08.2009;1,33
03.08.2009;1,32
02.08.2009;1,33
01.08.2009;1,32
31.07.2009;1,32
30.07.2009;1,34
29.07.2009;1,33
28.07.2009;1,28
27.07.2009;1,29
26.07.2009;1,3
25.07.2009;1,31
24.07.2009;1,31
23.07.2009;1,31
22.07.2009;1,29
21.07.2009;1,26
20.07.2009;1,26
19.07.2009;1,27
18.07.2009;1,29
17.07.2009;1,26
16.07.2009;1,26
15.07.2009;1,28
14.07.2009;1,25
13.07.2009;1,26
12.07.2009;1,27
11.07.2009;1,27
10.07.2009;1,26
09.07.2009;1,28
08.07.2009;1,31
07.07.2009;1,3
06.07.2009;1,3
05.07.2009;1,32
04.07.2009;1,32
03.07.2009;1,34
02.07.2009;1,32
01.07.2009;1,31
30.06.2009;1,31
29.06.2009;1,32
28.06.2009;1,33
27.06.2009;1,34
26.06.2009;1,32
25.06.2009;1,34
24.06.2009;1,35
23.06.2009;1,34
22.06.2009;1,36
21.06.2009;1,36
20.06.2009;1,38
19.06.2009;1,36
18.06.2009;1,38
17.06.2009;1,37
16.06.2009;1,34
15.06.2009;1,35
14.06.2009;1,36
13.06.2009;1,35
12.06.2009;1,36
11.06.2009;1,36
10.06.2009;1,33
09.06.2009;1,3
08.06.2009;1,32
07.06.2009;1,32
06.06.2009;1,34
05.06.2009;1,35
04.06.2009;1,33
03.06.2009;1,29
02.06.2009;1,31
01.06.2009;1,31
31.05.2009;1,32
30.05.2009;1,31
29.05.2009;1,31
28.05.2009;1,33
27.05.2009;1,31
26.05.2009;1,29
25.05.2009;1,29
24.05.2009;1,3
23.05.2009;1,31
22.05.2009;1,3
21.05.2009;1,33
20.05.2009;1,3
19.05.2009;1,26
18.05.2009;1,27
17.05.2009;1,29
16.05.2009;1,29
15.05.2009;1,27
14.05.2009;1,3
13.05.2009;1,29
12.05.2009;1,25
11.05.2009;1,26
10.05.2009;1,27
09.05.2009;1,27
08.05.2009;1,28
07.05.2009;1,27
06.05.2009;1,26
05.05.2009;1,21
04.05.2009;1,22
03.05.2009;1,22
02.05.2009;1,25
01.05.2009;1,25
30.04.2009;1,23
29.04.2009;1,21
28.04.2009;1,21
27.04.2009;1,23
26.04.2009;1,23
25.04.2009;1,26
24.04.2009;1,24
23.04.2009;1,27
22.04.2009;1,25
21.04.2009;1,21
20.04.2009;1,22
19.04.2009;1,23
18.04.2009;1,26
17.04.2009;1,25
16.04.2009;1,24
15.04.2009;1,19
14.04.2009;1,2
13.04.2009;1,2
12.04.2009;1,21
11.04.2009;1,24
10.04.2009;1,26
09.04.2009;1,26
08.04.2009;1,26
07.04.2009;1,22
06.04.2009;1,23
05.04.2009;1,24
04.04.2009;1,25
03.04.2009;1,2
02.04.2009;1,21
01.04.2009;1,24
31.03.2009;1,2
30.03.2009;1,21
29.03.2009;1,22
28.03.2009;1,24
27.03.2009;1,23
26.03.2009;1,22
25.03.2009;1,19
24.03.2009;1,17
23.03.2009;1,17
22.03.2009;1,17
21.03.2009;1,19
20.03.2009;1,19
19.03.2009;1,2
18.03.2009;1,19
17.03.2009;1,16
16.03.2009;1,17
15.03.2009;1,17
14.03.2009;1,18
13.03.2009;1,19
12.03.2009;1,21
11.03.2009;1,2
10.03.2009;1,17
09.03.2009;1,18
08.03.2009;1,19
07.03.2009;1,21
06.03.2009;1,2
05.03.2009;1,21
04.03.2009;1,19
03.03.2009;1,17
02.03.2009;1,16
01.03.2009;1,16
28.02.2009;1,19
27.02.2009;1,17
26.02.2009;1,16
25.02.2009;1,17
24.02.2009;1,15
23.02.2009;1,15
22.02.2009;1,16
21.02.2009;1,18
20.02.2009;1,2
19.02.2009;1,22
18.02.2009;1,21
17.02.2009;1,18
16.02.2009;1,19
15.02.2009;1,2
14.02.2009;1,22
13.02.2009;1,2
12.02.2009;1,23
11.02.2009;1,21
10.02.2009;1,17
09.02.2009;1,18
08.02.2009;1,19
07.02.2009;1,21
06.02.2009;1,18
05.02.2009;1,2
04.02.2009;1,19
03.02.2009;1,15
02.02.2009;1,15
01.02.2009;1,16
31.01.2009;1,18
30.01.2009;1,17
29.01.2009;1,15
28.01.2009;1,16
27.01.2009;1,14
26.01.2009;1,15
25.01.2009;1,16
24.01.2009;1,18
23.01.2009;1,15
22.01.2009;1,17
21.01.2009;1,19
20.01.2009;1,15
19.01.2009;1,16
18.01.2009;1,17
17.01.2009;1,18
16.01.2009;1,19
15.01.2009;1,15
14.01.2009;1,16
13.01.2009;1,14
12.01.2009;1,15
11.01.2009;1,16
10.01.2009;1,19
09.01.2009;1,18
08.01.2009;1,15
07.01.2009;1,07
06.01.2009;1,07
05.01.2009;1,07
04.01.2009;1,07
03.01.2009;1,07
02.01.2009;1,07
30.12.2008;1,05
17.12.2008;1,09
15.12.2008;1,1
14.12.2008;1,1
13.12.2008;1,12
12.12.2008;1,09
11.12.2008;1,11
10.12.2008;1,13
09.12.2008;1,12
08.12.2008;1,13
07.12.2008;1,14
06.12.2008;1,14
05.12.2008;1,16
04.12.2008;1,19
03.12.2008;1,17
02.12.2008;1,14
01.12.2008;1,15
30.11.2008;1,16
29.11.2008;1,18
28.11.2008;1,15
27.11.2008;1,18
26.11.2008;1,17
25.11.2008;1,15
24.11.2008;1,16
23.11.2008;1,17
22.11.2008;1,19
21.11.2008;1,17
20.11.2008;1,2
19.11.2008;1,22
18.11.2008;1,18
17.11.2008;1,18
16.11.2008;1,2
15.11.2008;1,21
14.11.2008;1,19
13.11.2008;1,21
12.11.2008;1,23
11.11.2008;1,21
10.11.2008;1,22
09.11.2008;1,22
08.11.2008;1,24
07.11.2008;1,24
06.11.2008;1,25
05.11.2008;1,27
04.11.2008;1,24
03.11.2008;1,25
02.11.2008;1,26
01.11.2008;1,28
31.10.2008;1,27
30.10.2008;1,24
29.10.2008;1,26
28.10.2008;1,26
27.10.2008;1,27
26.10.2008;1,27
25.10.2008;1,29
24.10.2008;1,26
23.10.2008;1,27
22.10.2008;1,29
21.10.2008;1,26
20.10.2008;1,26
19.10.2008;1,27
18.10.2008;1,29
17.10.2008;1,31
16.10.2008;1,33
14.10.2008;1,35
13.10.2008;1,34
12.10.2008;1,35
11.10.2008;1,36
10.10.2008;1,37
09.10.2008;1,39
08.10.2008;1,41
07.10.2008;1,43
06.10.2008;1,41
05.10.2008;1,42
04.10.2008;1,42
03.10.2008;1,44
02.10.2008;1,46
01.10.2008;1,46
30.09.2008;1,45
29.09.2008;1,41
28.09.2008;1,42
27.09.2008;1,42
26.09.2008;1,45
25.09.2008;1,47
24.09.2008;1,46
23.09.2008;1,44
22.09.2008;1,4
21.09.2008;1,41
20.09.2008;1,42
19.09.2008;1,44
18.09.2008;1,45
17.09.2008;1,48
16.09.2008;1,5
15.09.2008;1,46
14.09.2008;1,45
13.09.2008;1,46
12.09.2008;1,48
11.09.2008;1,47
10.09.2008;1,49
09.09.2008;1,48
08.09.2008;1,44
07.09.2008;1,45
06.09.2008;1,46
05.09.2008;1,48
04.09.2008;1,47
03.09.2008;1,49
02.09.2008;1,49
01.09.2008;1,47
